File_Path,Method_Name,start_line,end_line,is_Long_Method,CC,lloc,scloc,comments,calculated_length,volume,difficulty,effort,time,bugs
/home/karthikpk/project-workspace/workspace/target-repos/numpy/numpy/core/tests/test_multiarray.py,test_discontiguous,5764,5771,0,3,8,8,0,3,4.754887502163469,0.5,2.3774437510817346,0.1320802083934297,0.0015849625007211565
/home/karthikpk/project-workspace/workspace/target-repos/numpy/numpy/polynomial/tests/test_chebyshev.py,test_chebone,56,57,0,2,2,2,0,0,0,0,0,0.0,0.0
/home/karthikpk/project-workspace/workspace/target-repos/django/django/core/checks/model_checks.py,check_all_models,12,90,1,21,39,79,0,46,227.8930302777963,4.375,997.0320074653588,55.39066708140882,0.0759643434259321
/home/karthikpk/project-workspace/workspace/target-repos/numpy/numpy/f2py/tests/test_compile_function.py,test_f2py_init_compile,27,76,0,5,15,23,23,12,41.51317942364757,1.5,62.26976913547136,3.4594316186372978,0.01383772647454919
/home/karthikpk/project-workspace/workspace/target-repos/numpy/numpy/f2py/tests/test_array_from_pyobj.py,__init__,78,86,0,3,10,9,0,12,39.863137138648355,1.7142857142857142,68.33680652339717,3.796489251299843,0.013287712379549451
/home/karthikpk/project-workspace/workspace/target-repos/django/django/urls/resolvers.py,__str__,371,372,0,2,2,2,0,0,0,0,0,0.0,0.0
/home/karthikpk/project-workspace/workspace/target-repos/numpy/numpy/core/tests/test_umath.py,test_precision,2331,2350,0,2,11,17,1,4,4.0,1.0,4.0,0.2222222222222222,0.0013333333333333333
/home/karthikpk/project-workspace/workspace/target-repos/click/src/click/_compat.py,open_stream,373,451,1,21,43,61,9,55,292.70604521880495,6.166666666666667,1805.0206121826307,100.27892289903504,0.09756868173960165
/home/karthikpk/project-workspace/workspace/target-repos/django/django/db/migrations/operations/fields.py,deconstruct,286,292,0,2,4,7,0,0,0,0,0,0.0,0.0
/home/karthikpk/project-workspace/workspace/target-repos/django/django/contrib/admin/helpers.py,__iter__,488,497,0,3,3,10,0,0,0,0,0,0.0,0.0
/home/karthikpk/project-workspace/workspace/target-repos/numpy/numpy/core/tests/test_dtype.py,test_pointer,1673,1675,0,2,3,3,0,0,0,0,0,0.0,0.0
/home/karthikpk/project-workspace/workspace/target-repos/numpy/numpy/core/tests/test_datetime.py,test_divisor_conversion_week,1572,1575,0,2,4,4,0,9,25.26619429851844,0.5,12.63309714925922,0.701838730514401,0.008422064766172813
/home/karthikpk/project-workspace/workspace/target-repos/django/django/core/checks/security/sessions.py,check_session_cookie_httponly,81,91,0,5,11,11,0,6,13.931568569324174,1.3333333333333333,18.575424759098897,1.0319680421721609,0.004643856189774725
/home/karthikpk/project-workspace/workspace/target-repos/django/django/core/files/storage/memory.py,_initialize_times,28,31,0,2,4,4,0,0,0,0,0,0.0,0.0
/home/karthikpk/project-workspace/workspace/target-repos/click/tests/test_arguments.py,test_multiple_param_decls_not_allowed,325,331,0,1,6,6,0,0,0,0,0,0.0,0.0
/home/karthikpk/project-workspace/workspace/target-repos/numpy/numpy/lib/npyio.py,genfromtxt,1744,2474,1,168,360,416,100,277,1903.0910273246031,17.739795918367346,33760.44643881451,1875.5803577119175,0.6343636757748677
/home/karthikpk/project-workspace/workspace/target-repos/numpy/numpy/core/tests/test_indexing.py,test_fancy_on_read_only,704,714,0,2,8,8,2,0,0,0,0,0.0,0.0
/home/karthikpk/project-workspace/workspace/target-repos/flask/src/flask/blueprints.py,decorator,525,527,0,3,3,3,0,0,0,0,0,0.0,0.0
/home/karthikpk/project-workspace/workspace/target-repos/numpy/numpy/core/code_generators/generate_umath.py,TD,149,186,1,14,31,34,1,39,191.36873322873222,3.25,621.9483829933797,34.55268794407665,0.06378957774291075
/home/karthikpk/project-workspace/workspace/target-repos/numpy/numpy/core/tests/test_print.py,test_complex_types,52,74,0,3,11,15,0,38,144.67948703818894,6.944444444444445,1004.7186599874232,55.81770333263462,0.04822649567939631
/home/karthikpk/project-workspace/workspace/target-repos/numpy/numpy/core/tests/test_nditer.py,test_iter_buffered_cast_subarray,2081,2246,1,12,134,143,12,78,331.33834604859965,4.875,1615.2744369869233,89.73746872149574,0.11044611534953322
/home/karthikpk/project-workspace/workspace/target-repos/django/django/db/backends/oracle/client.py,settings_to_cmd_args_env,21,27,0,3,7,7,0,0,0,0,0,0.0,0.0
/home/karthikpk/project-workspace/workspace/target-repos/numpy/numpy/f2py/rules.py,buildapi,1450,1565,1,37,102,111,2,130,799.4671255356087,6.241935483870968,4990.222219069042,277.2345677260579,0.2664890418452029
/home/karthikpk/project-workspace/workspace/target-repos/django/django/test/client.py,get,917,935,0,4,8,18,0,0,0,0,0,0.0,0.0
/home/karthikpk/project-workspace/workspace/target-repos/django/django/forms/models.py,fields_for_model,136,243,1,35,45,73,1,100,555.4588851677638,7.815789473684211,4341.349707758575,241.1860948754764,0.18515296172258794
/home/karthikpk/project-workspace/workspace/target-repos/numpy/numpy/lib/function_base.py,average,399,561,1,11,37,42,3,41,190.3981037807637,6.352941176470588,1209.5879534307342,67.1993307461519,0.0634660345935879
/home/karthikpk/project-workspace/workspace/target-repos/numpy/numpy/array_api/_array_object.py,__rmatmul__,886,896,0,3,7,6,2,3,4.754887502163469,0.5,2.3774437510817346,0.1320802083934297,0.0015849625007211565
/home/karthikpk/project-workspace/workspace/target-repos/django/django/db/models/query.py,__class_getitem__,454,455,0,4,2,2,0,0,0,0,0,0.0,0.0
/home/karthikpk/project-workspace/workspace/target-repos/numpy/numpy/core/tests/test_function_base.py,test_start_stop_array,248,261,0,2,11,13,1,14,42.0,1.3333333333333333,56.0,3.111111111111111,0.014
/home/karthikpk/project-workspace/workspace/target-repos/flask/src/flask/json/tag.py,to_python,214,215,0,2,2,2,0,0,0,0,0,0.0,0.0
/home/karthikpk/project-workspace/workspace/target-repos/django/django/core/management/commands/makemessages.py,process_locale_dir,601,705,1,11,52,92,2,39,187.48684196024655,3.5454545454545454,664.7260760408741,36.92922644671523,0.06249561398674885
/home/karthikpk/project-workspace/workspace/target-repos/numpy/numpy/distutils/fcompiler/sun.py,runtime_library_dir_option,44,45,0,2,2,2,0,3,4.754887502163469,0.5,2.3774437510817346,0.1320802083934297,0.0015849625007211565
/home/karthikpk/project-workspace/workspace/target-repos/numpy/numpy/f2py/capi_maps.py,getarrdims,281,339,1,20,55,57,3,56,280.0,6.8478260869565215,1917.391304347826,106.52173913043478,0.09333333333333334
/home/karthikpk/project-workspace/workspace/target-repos/numpy/numpy/ma/tests/test_core.py,test_compressed,3285,3292,0,2,7,7,1,0,0,0,0,0.0,0.0
/home/karthikpk/project-workspace/workspace/target-repos/numpy/numpy/core/tests/test_multiarray.py,test_non_contiguous_array,4289,4300,0,2,8,8,2,7,18.094737505048094,1.0,18.094737505048094,1.0052631947248942,0.006031579168349364
/home/karthikpk/project-workspace/workspace/target-repos/requests/tests/test_utils.py,test__parse_content_type_header,606,607,0,2,2,2,0,3,4.754887502163469,0.5,2.3774437510817346,0.1320802083934297,0.0015849625007211565
/home/karthikpk/project-workspace/workspace/target-repos/django/django/contrib/admin/templatetags/admin_list.py,result_list_tag,341,348,0,1,2,8,0,0,0,0,0,0.0,0.0
/home/karthikpk/project-workspace/workspace/target-repos/django/django/core/serializers/base.py,end_serialization,182,186,0,4,3,2,0,0,0,0,0,0.0,0.0
/home/karthikpk/project-workspace/workspace/target-repos/numpy/numpy/random/tests/test_randomstate.py,test_weibull,1291,1297,0,2,5,7,0,0,0,0,0,0.0,0.0
/home/karthikpk/project-workspace/workspace/target-repos/django/django/db/models/sql/compiler.py,get_combinator_sql,549,627,1,12,45,66,13,54,253.823744779619,4.0476190476190474,1027.3818241079816,57.07676800599898,0.08460791492653967
/home/karthikpk/project-workspace/workspace/target-repos/click/tests/test_chain.py,debug,8,12,0,1,2,5,0,0,0,0,0,0.0,0.0
/home/karthikpk/project-workspace/workspace/target-repos/numpy/numpy/distutils/command/build_src.py,build_extension_sources,304,342,0,9,26,26,2,11,38.053747805010275,2.0,76.10749561002055,4.228194200556697,0.012684582601670092
/home/karthikpk/project-workspace/workspace/target-repos/numpy/numpy/core/tests/test_mem_overlap.py,test_unary_gufunc_fuzz,732,773,0,4,36,30,2,77,404.09041853515606,9.981481481481481,4033.421029452761,224.07894608070896,0.13469680617838536
/home/karthikpk/project-workspace/workspace/target-repos/numpy/numpy/linalg/lapack_lite/clapack_scrub.py,repl,266,269,0,1,3,4,0,0,0,0,0,0.0,0.0
/home/karthikpk/project-workspace/workspace/target-repos/numpy/numpy/core/tests/test_unicode.py,content_check,185,204,0,2,10,10,9,36,150.11730005192322,1.5,225.17595007788483,12.509775004326935,0.05003910001730774
/home/karthikpk/project-workspace/workspace/target-repos/click/src/click/formatting.py,measure_table,12,19,0,4,7,6,0,0,0,0,0,0.0,0.0
/home/karthikpk/project-workspace/workspace/target-repos/numpy/numpy/f2py/tests/test_crackfortran.py,test_encoding_comment,286,287,0,2,2,2,0,0,0,0,0,0.0,0.0
/home/karthikpk/project-workspace/workspace/target-repos/numpy/numpy/random/tests/test_direct.py,test_getstate,348,352,0,2,5,5,0,0,0,0,0,0.0,0.0
/home/karthikpk/project-workspace/workspace/target-repos/numpy/numpy/core/tests/test_ufunc.py,test_where_param_alloc,1550,1559,0,2,7,7,2,0,0,0,0,0.0,0.0
/home/karthikpk/project-workspace/workspace/target-repos/numpy/numpy/core/tests/test_function_base.py,test_start_stop_array_scalar,232,246,0,2,13,13,1,8,12.67970000576925,1.0,12.67970000576925,0.7044277780982917,0.00422656666858975
/home/karthikpk/project-workspace/workspace/target-repos/django/django/db/models/lookups.py,get_rhs_op,557,558,0,2,2,2,0,3,4.754887502163469,0.5,2.3774437510817346,0.1320802083934297,0.0015849625007211565
/home/karthikpk/project-workspace/workspace/target-repos/numpy/numpy/core/tests/test_multiarray.py,__eq__,4062,4064,0,2,3,3,0,3,3.0,1.0,3.0,0.16666666666666666,0.001
/home/karthikpk/project-workspace/workspace/target-repos/click/examples/imagepipe/imagepipe.py,sharpen_cmd,255,260,0,2,6,5,0,0,0,0,0,0.0,0.0
/home/karthikpk/project-workspace/workspace/target-repos/numpy/numpy/lib/index_tricks.py,__getitem__,147,208,1,11,57,59,3,69,328.08723764927936,6.571428571428571,2156.00184740955,119.77788041164166,0.10936241254975979
/home/karthikpk/project-workspace/workspace/target-repos/numpy/numpy/f2py/crackfortran.py,cracktypespec,1860,1916,1,18,51,56,1,44,209.21505009519265,4.0,836.8602003807706,46.492233354487254,0.06973835003173089
/home/karthikpk/project-workspace/workspace/target-repos/numpy/numpy/ma/tests/test_subclassing.py,__setitem__,122,125,0,2,2,2,2,0,0,0,0,0.0,0.0
/home/karthikpk/project-workspace/workspace/target-repos/flask/src/flask/cli.py,find_app_by_string,112,185,1,13,39,54,8,4,6.339850002884625,0.5,3.1699250014423126,0.17610694452457293,0.002113283334294875
/home/karthikpk/project-workspace/workspace/target-repos/click/src/click/shell_completion.py,get_completion_args,378,388,0,4,8,7,2,9,27.0,1.8,48.6,2.7,0.009
/home/karthikpk/project-workspace/workspace/target-repos/numpy/numpy/lib/recfunctions.py,_get_fields_and_offsets,851,886,0,6,25,24,3,24,100.07820003461549,3.076923076923077,307.9329231834323,17.107384621301794,0.0333594000115385
/home/karthikpk/project-workspace/workspace/target-repos/django/django/db/models/base.py,__eq__,593,601,0,9,9,9,0,14,48.43204266092217,2.5714285714285716,124.53953827094274,6.918863237274596,0.016144014220307392
/home/karthikpk/project-workspace/workspace/target-repos/click/tests/test_basic.py,test_choice_argument,385,403,0,6,13,16,0,14,46.50699332842308,1.9285714285714286,89.6920585619588,4.982892142331044,0.01550233110947436
/home/karthikpk/project-workspace/workspace/target-repos/numpy/numpy/ma/core.py,__init__,6744,6747,0,4,4,4,0,0,0,0,0,0.0,0.0
/home/karthikpk/project-workspace/workspace/target-repos/numpy/numpy/polynomial/tests/test_laguerre.py,test_lagder_axis,332,342,0,6,8,8,1,0,0,0,0,0.0,0.0
/home/karthikpk/project-workspace/workspace/target-repos/numpy/tools/swig/test/testTensor.py,testMax,72,78,0,2,6,6,0,3,4.754887502163469,0.5,2.3774437510817346,0.1320802083934297,0.0015849625007211565
/home/karthikpk/project-workspace/workspace/target-repos/numpy/numpy/core/tests/test_multiarray.py,test_bytes_fields,5928,5941,0,2,9,9,2,0,0,0,0,0.0,0.0
/home/karthikpk/project-workspace/workspace/target-repos/numpy/numpy/polynomial/laguerre.py,lagint,677,798,1,12,39,37,0,66,360.3224868300616,7.166666666666667,2582.3111556154417,143.46173086752455,0.12010749561002054
/home/karthikpk/project-workspace/workspace/target-repos/numpy/numpy/core/einsumfunc.py,_parse_einsum_input,523,693,1,46,117,118,9,174,1090.420858080913,12.777777777777779,13933.155408811666,774.0641893784259,0.3634736193603043
/home/karthikpk/project-workspace/workspace/target-repos/numpy/numpy/array_api/tests/test_creation_functions.py,test_empty_errors,67,71,0,1,8,5,1,0,0,0,0,0.0,0.0
/home/karthikpk/project-workspace/workspace/target-repos/numpy/benchmarks/benchmarks/bench_core.py,time_count_nonzero_multi_axis,167,170,0,2,3,4,0,9,20.89735285398626,2.0,41.79470570797252,2.321928094887362,0.0069657842846620865
/home/karthikpk/project-workspace/workspace/target-repos/django/django/db/migrations/state.py,reload_model,397,400,0,4,4,4,1,3,4.754887502163469,0.5,2.3774437510817346,0.1320802083934297,0.0015849625007211565
/home/karthikpk/project-workspace/workspace/target-repos/django/django/db/models/fields/related.py,get_attname_column,1107,1110,0,3,4,4,0,3,4.754887502163469,0.5,2.3774437510817346,0.1320802083934297,0.0015849625007211565
/home/karthikpk/project-workspace/workspace/target-repos/click/tests/test_shell_completion.py,test_completion_item_data,285,288,0,3,4,4,0,6,15.509775004326936,1.0,15.509775004326936,0.861654166907052,0.005169925001442312
/home/karthikpk/project-workspace/workspace/target-repos/numpy/numpy/ma/extras.py,apply_along_axis,370,449,1,11,72,71,6,81,412.0844901412775,9.36,3857.1108277223575,214.28393487346432,0.13736149671375916
/home/karthikpk/project-workspace/workspace/target-repos/numpy/numpy/core/function_base.py,linspace,25,182,1,14,45,46,9,73,368.2407707131671,13.714285714285714,5050.159141209148,280.5643967338416,0.1227469235710557
/home/karthikpk/project-workspace/workspace/target-repos/django/django/db/models/expressions.py,__ror__,155,158,0,2,2,4,0,0,0,0,0,0.0,0.0
/home/karthikpk/project-workspace/workspace/target-repos/flask/tests/test_cli.py,test_find_best_app,48,132,1,12,60,60,0,24,83.02635884729514,0.8,66.42108707783612,3.690060393213118,0.02767545294909838
/home/karthikpk/project-workspace/workspace/target-repos/django/django/contrib/auth/__init__.py,logout,147,162,0,3,10,9,2,2,2.0,0.5,1.0,0.05555555555555555,0.0006666666666666666
/home/karthikpk/project-workspace/workspace/target-repos/numpy/numpy/core/tests/test_multiarray.py,test_kwargs,5121,5135,0,2,12,12,0,22,34.86917501586544,2.75,95.89023129362995,5.327235071868331,0.011623058338621813
/home/karthikpk/project-workspace/workspace/target-repos/numpy/numpy/core/tests/test_arraymethod.py,test_invalid_arguments,33,35,0,2,3,3,0,0,0,0,0,0.0,0.0
/home/karthikpk/project-workspace/workspace/target-repos/django/django/contrib/admin/options.py,get_content_type_for_model,78,83,0,1,3,3,2,0,0,0,0,0.0,0.0
/home/karthikpk/project-workspace/workspace/target-repos/numpy/numpy/lib/npyio.py,load,283,468,1,11,37,44,20,18,72.0,3.3,237.6,13.2,0.024
/home/karthikpk/project-workspace/workspace/target-repos/numpy/numpy/core/tests/test_regression.py,test_zero_sized_array_indexing,368,375,0,2,5,5,1,0,0,0,0,0.0,0.0
/home/karthikpk/project-workspace/workspace/target-repos/numpy/numpy/polynomial/hermite.py,hermvander,1107,1165,0,4,16,15,0,50,226.17809780285066,5.823529411764706,1317.154804851895,73.17526693621639,0.07539269926761688
/home/karthikpk/project-workspace/workspace/target-repos/django/django/template/defaulttags.py,cycle,572,661,1,13,38,39,14,48,230.75303625876498,5.8,1338.3676103008368,74.35375612782427,0.07691767875292166
/home/karthikpk/project-workspace/workspace/target-repos/numpy/numpy/lib/tests/test_loadtxt.py,test_structured_dtype_with_quotes,601,627,0,1,6,27,0,6,12.0,0.5,6.0,0.3333333333333333,0.004
/home/karthikpk/project-workspace/workspace/target-repos/numpy/numpy/matrixlib/tests/test_masked_matrix.py,test_compressed,146,153,0,2,8,8,0,0,0,0,0,0.0,0.0
/home/karthikpk/project-workspace/workspace/target-repos/requests/requests/utils.py,get_netrc_auth,199,253,1,13,35,34,10,6,13.931568569324174,1.3333333333333333,18.575424759098897,1.0319680421721609,0.004643856189774725
/home/karthikpk/project-workspace/workspace/target-repos/click/src/click/_compat.py,auto_wrap_for_ansi,519,554,0,4,25,26,1,3,4.754887502163469,0.5,2.3774437510817346,0.1320802083934297,0.0015849625007211565
/home/karthikpk/project-workspace/workspace/target-repos/django/django/db/models/expressions.py,resolve_expression,867,878,0,2,6,9,3,3,4.754887502163469,0.5,2.3774437510817346,0.1320802083934297,0.0015849625007211565
/home/karthikpk/project-workspace/workspace/target-repos/numpy/numpy/f2py/symbolic.py,eliminate_quotes,1172,1198,0,3,18,18,1,8,20.67970000576925,1.25,25.84962500721156,1.43609027817842,0.006893233335256416
/home/karthikpk/project-workspace/workspace/target-repos/numpy/numpy/core/defchararray.py,rindex,2536,2546,0,2,3,2,0,0,0,0,0,0.0,0.0
/home/karthikpk/project-workspace/workspace/target-repos/numpy/numpy/core/tests/test_regression.py,test_ufunc_casting_out,1703,1708,0,2,6,6,0,0,0,0,0,0.0,0.0
/home/karthikpk/project-workspace/workspace/target-repos/click/tests/test_testing.py,test_command_standalone_mode_returns_value,372,382,0,4,10,10,0,9,25.26619429851844,0.5,12.63309714925922,0.701838730514401,0.008422064766172813
/home/karthikpk/project-workspace/workspace/target-repos/numpy/numpy/core/tests/test_overrides.py,test_scipy_trapz_support_shim,741,759,0,2,10,11,5,3,4.754887502163469,0.5,2.3774437510817346,0.1320802083934297,0.0015849625007211565
/home/karthikpk/project-workspace/workspace/target-repos/numpy/numpy/polynomial/hermite_e.py,hermeint,673,792,1,12,38,36,0,68,368.9860033197427,7.734375,2853.8761194261347,158.5486733014519,0.12299533443991423
/home/karthikpk/project-workspace/workspace/target-repos/django/django/db/transaction.py,__exit__,224,313,1,12,59,59,26,23,89.85848369899593,2.5454545454545454,228.73068577926236,12.70726032107013,0.02995282789966531
/home/karthikpk/project-workspace/workspace/target-repos/click/tests/test_commands.py,cli,220,223,0,4,4,4,0,3,4.754887502163469,0.5,2.3774437510817346,0.1320802083934297,0.0015849625007211565
/home/karthikpk/project-workspace/workspace/target-repos/numpy/numpy/core/records.py,fromarrays,589,680,1,12,32,31,5,29,123.18989788986397,5.541666666666667,682.6773508063295,37.926519489240526,0.04106329929662132
/home/karthikpk/project-workspace/workspace/target-repos/django/django/db/models/sql/compiler.py,get_qualify_sql,629,723,1,12,56,84,13,9,28.529325012980813,1.5,42.793987519471216,2.377443751081734,0.009509775004326938
/home/karthikpk/project-workspace/workspace/target-repos/django/django/utils/feedgenerator.py,write,227,235,0,3,9,9,0,0,0,0,0,0.0,0.0
/home/karthikpk/project-workspace/workspace/target-repos/django/django/contrib/auth/hashers.py,must_update,718,720,0,2,3,3,0,0,0,0,0,0.0,0.0
/home/karthikpk/project-workspace/workspace/target-repos/numpy/numpy/random/tests/test_smoke.py,test_numpy_state,731,738,0,2,8,8,0,6,13.931568569324174,0.5,6.965784284662087,0.3869880158145604,0.004643856189774725
/home/karthikpk/project-workspace/workspace/target-repos/numpy/numpy/array_api/_utility_functions.py,any,25,37,0,1,3,8,0,0,0,0,0,0.0,0.0
/home/karthikpk/project-workspace/workspace/target-repos/django/django/contrib/sessions/backends/cache.py,__init__,15,17,0,3,3,3,0,0,0,0,0,0.0,0.0
/home/karthikpk/project-workspace/workspace/target-repos/django/django/contrib/gis/db/backends/oracle/schema.py,__init__,32,34,0,2,3,3,0,0,0,0,0,0.0,0.0
/home/karthikpk/project-workspace/workspace/target-repos/numpy/numpy/core/getlimits.py,smallest_subnormal,63,84,0,2,6,7,2,3,4.754887502163469,0.5,2.3774437510817346,0.1320802083934297,0.0015849625007211565
/home/karthikpk/project-workspace/workspace/target-repos/numpy/numpy/linalg/tests/test_linalg.py,test_non_square_handling,2137,2140,0,2,5,4,0,0,0,0,0,0.0,0.0
/home/karthikpk/project-workspace/workspace/target-repos/numpy/numpy/__init__.py,_sanity_check,351,372,0,3,9,12,0,8,24.0,1.5,36.0,2.0,0.008
/home/karthikpk/project-workspace/workspace/target-repos/numpy/numpy/random/tests/test_generator_mt19937.py,test_wald,1835,1841,0,2,5,7,0,0,0,0,0,0.0,0.0
/home/karthikpk/project-workspace/workspace/target-repos/django/django/db/models/fields/__init__.py,value_to_string,1472,1474,0,4,3,3,0,3,4.754887502163469,0.5,2.3774437510817346,0.1320802083934297,0.0015849625007211565
/home/karthikpk/project-workspace/workspace/target-repos/django/django/db/models/fields/related.py,to_python,1054,1055,0,3,2,2,0,0,0,0,0,0.0,0.0
/home/karthikpk/project-workspace/workspace/target-repos/django/django/db/migrations/graph.py,root_nodes,240,251,0,4,7,8,0,14,51.80615605397529,2.8125,145.70481390180552,8.09471188343364,0.01726871868465843
/home/karthikpk/project-workspace/workspace/target-repos/numpy/tools/refguide_check.py,check_doctests,836,909,1,13,36,42,1,27,114.6940428629768,3.2142857142857144,368.65942348813974,20.48107908267443,0.03823134762099227
/home/karthikpk/project-workspace/workspace/target-repos/django/django/contrib/gis/db/models/fields.py,__init__,238,276,0,3,7,15,4,0,0,0,0,0.0,0.0
/home/karthikpk/project-workspace/workspace/target-repos/django/django/db/migrations/graph.py,forwards_plan,200,208,0,4,5,4,0,6,15.509775004326936,1.0,15.509775004326936,0.861654166907052,0.005169925001442312
/home/karthikpk/project-workspace/workspace/target-repos/numpy/numpy/core/tests/test_numeric.py,test_negative,1656,1662,0,2,5,7,0,8,18.575424759098897,0.5,9.287712379549449,0.5159840210860804,0.006191808253032966
/home/karthikpk/project-workspace/workspace/target-repos/flask/tests/test_basic.py,test_disallow_string_for_allowed_methods,151,153,0,1,3,3,0,0,0,0,0,0.0,0.0
/home/karthikpk/project-workspace/workspace/target-repos/django/django/test/client.py,head,965,985,0,4,8,20,0,0,0,0,0,0.0,0.0
/home/karthikpk/project-workspace/workspace/target-repos/numpy/numpy/_pytesttester.py,__init__,76,77,0,8,2,2,0,0,0,0,0,0.0,0.0
/home/karthikpk/project-workspace/workspace/target-repos/django/django/utils/connection.py,__setattr__,17,18,0,2,2,2,0,0,0,0,0,0.0,0.0
/home/karthikpk/project-workspace/workspace/target-repos/django/django/db/migrations/autodetector.py,generate_altered_managers,1652,1666,0,8,7,15,0,3,3.0,1.0,3.0,0.16666666666666666,0.001
/home/karthikpk/project-workspace/workspace/target-repos/numpy/benchmarks/benchmarks/bench_lib.py,setup,68,74,0,2,5,5,2,6,15.509775004326936,1.0,15.509775004326936,0.861654166907052,0.005169925001442312
/home/karthikpk/project-workspace/workspace/target-repos/numpy/numpy/distutils/fcompiler/pg.py,get_flags_debug,108,109,0,2,2,2,0,0,0,0,0,0.0,0.0
/home/karthikpk/project-workspace/workspace/target-repos/numpy/numpy/polynomial/polyutils.py,_fit,599,684,1,21,60,58,9,104,589.9322355650356,13.054054054054054,7701.0072912949245,427.8337384052736,0.19664407852167853
/home/karthikpk/project-workspace/workspace/target-repos/django/django/db/migrations/autodetector.py,_get_dependencies_for_foreign_key,1399,1431,0,8,21,32,1,6,15.509775004326936,1.0,15.509775004326936,0.861654166907052,0.005169925001442312
/home/karthikpk/project-workspace/workspace/target-repos/click/examples/completion/completion.py,select_user,52,53,0,1,2,2,0,0,0,0,0,0.0,0.0
/home/karthikpk/project-workspace/workspace/target-repos/numpy/pavement.py,tarball_name,67,81,0,3,8,7,0,12,36.0,1.3333333333333333,48.0,2.6666666666666665,0.012
/home/karthikpk/project-workspace/workspace/target-repos/numpy/numpy/core/code_generators/genapi.py,check_api_dict,469,500,0,9,22,23,6,14,51.80615605397529,2.0,103.61231210795059,5.75623956155281,0.01726871868465843
/home/karthikpk/project-workspace/workspace/target-repos/django/django/db/backends/oracle/operations.py,regex_lookup,377,382,0,4,6,6,0,6,15.509775004326936,1.0,15.509775004326936,0.861654166907052,0.005169925001442312
/home/karthikpk/project-workspace/workspace/target-repos/numpy/numpy/linalg/tests/test_linalg.py,test_types,1100,1103,0,2,4,4,0,0,0,0,0,0.0,0.0
/home/karthikpk/project-workspace/workspace/target-repos/django/django/db/models/fields/files.py,__set__,220,221,0,7,2,2,0,0,0,0,0,0.0,0.0
/home/karthikpk/project-workspace/workspace/target-repos/numpy/numpy/core/tests/test_overrides.py,__init__,557,558,0,4,2,2,0,0,0,0,0,0.0,0.0
/home/karthikpk/project-workspace/workspace/target-repos/numpy/numpy/lib/function_base.py,_digitize_dispatcher,5621,5622,0,1,2,2,0,0,0,0,0,0.0,0.0
/home/karthikpk/project-workspace/workspace/target-repos/numpy/numpy/core/code_generators/generate_umath.py,indent,1135,1140,0,1,5,5,1,9,25.26619429851844,1.2,30.319433158222125,1.6844129532345624,0.008422064766172813
/home/karthikpk/project-workspace/workspace/target-repos/numpy/numpy/core/tests/test_multiarray.py,test_matmul_out,3316,3326,0,3,11,10,1,8,20.67970000576925,1.25,25.84962500721156,1.43609027817842,0.006893233335256416
/home/karthikpk/project-workspace/workspace/target-repos/numpy/numpy/f2py/f2py2e.py,run_compile,581,738,1,51,127,137,6,100,572.79204545632,10.725,6143.1946875190315,341.2885937510573,0.19093068181877335
/home/karthikpk/project-workspace/workspace/target-repos/numpy/numpy/lib/tests/test_histograms.py,test_incorrect_methods,481,487,0,3,5,4,0,0,0,0,0,0.0,0.0
/home/karthikpk/project-workspace/workspace/target-repos/flask/tests/test_basic.py,test_request_locals,1454,1456,0,3,3,3,0,5,11.60964047443681,1.0,11.60964047443681,0.6449800263576005,0.0038698801581456034
/home/karthikpk/project-workspace/workspace/target-repos/flask/tests/test_blueprints.py,test_add_template_filter,375,385,0,4,10,9,0,11,34.86917501586544,1.75,61.021056277764515,3.3900586820980285,0.011623058338621813
/home/karthikpk/project-workspace/workspace/target-repos/numpy/numpy/_utils/_pep440.py,local,186,187,0,2,2,2,0,0,0,0,0,0.0,0.0
/home/karthikpk/project-workspace/workspace/target-repos/requests/tests/test_requests.py,test_HTTP_302_TOO_MANY_REDIRECTS_WITH_PARAMS,249,262,0,3,12,14,0,9,18.0,1.0,18.0,1.0,0.006
/home/karthikpk/project-workspace/workspace/target-repos/django/django/db/models/fields/json.py,as_oracle,475,484,0,3,6,9,1,8,24.0,1.5,36.0,2.0,0.008
/home/karthikpk/project-workspace/workspace/target-repos/numpy/numpy/lib/recfunctions.py,rec_append_fields,730,761,0,1,3,3,0,0,0,0,0,0.0,0.0
/home/karthikpk/project-workspace/workspace/target-repos/numpy/numpy/linalg/tests/test_linalg.py,test_zero,874,885,0,2,11,11,0,4,4.0,1.0,4.0,0.2222222222222222,0.0013333333333333333
/home/karthikpk/project-workspace/workspace/target-repos/numpy/numpy/core/tests/test_multiarray.py,test_array_as_keyword,523,529,0,2,5,5,2,3,4.754887502163469,0.5,2.3774437510817346,0.1320802083934297,0.0015849625007211565
/home/karthikpk/project-workspace/workspace/target-repos/click/tests/test_basic.py,test_hidden_command,509,520,0,3,10,10,0,6,15.509775004326936,1.0,15.509775004326936,0.861654166907052,0.005169925001442312
/home/karthikpk/project-workspace/workspace/target-repos/numpy/numpy/ma/tests/test_old_ma.py,test_testMinMax2,465,476,0,2,11,11,1,9,27.0,1.0,27.0,1.5,0.009
/home/karthikpk/project-workspace/workspace/target-repos/numpy/numpy/core/tests/test_multiarray.py,__len__,1049,1050,0,2,2,2,0,0,0,0,0,0.0,0.0
/home/karthikpk/project-workspace/workspace/target-repos/numpy/tools/c_coverage/c_coverage_report.py,write_html,102,115,0,3,13,13,0,6,15.509775004326936,1.0,15.509775004326936,0.861654166907052,0.005169925001442312
/home/karthikpk/project-workspace/workspace/target-repos/django/django/contrib/humanize/templatetags/humanize.py,string_for,285,325,1,13,40,40,1,83,422.2594158237782,7.12962962962963,3010.5532424473076,167.25295791373932,0.14075313860792607
/home/karthikpk/project-workspace/workspace/target-repos/django/django/apps/registry.py,register_model,215,240,0,4,11,23,3,18,68.53238859703687,2.4,164.4777326328885,9.13765181293825,0.022844129532345624
/home/karthikpk/project-workspace/workspace/target-repos/django/django/db/models/fields/related_descriptors.py,get_object,196,199,0,5,3,3,1,0,0,0,0,0.0,0.0
/home/karthikpk/project-workspace/workspace/target-repos/numpy/numpy/polynomial/tests/test_polynomial.py,test_polyval3d,254,270,0,3,11,11,3,9,27.0,1.0,27.0,1.5,0.009
/home/karthikpk/project-workspace/workspace/target-repos/django/django/template/defaulttags.py,__init__,142,144,0,4,3,3,0,0,0,0,0,0.0,0.0
/home/karthikpk/project-workspace/workspace/target-repos/click/src/click/_compat.py,readable,109,119,0,3,11,11,0,3,4.754887502163469,0.5,2.3774437510817346,0.1320802083934297,0.0015849625007211565
/home/karthikpk/project-workspace/workspace/target-repos/numpy/numpy/core/tests/test_regression.py,test_rec_iterate,285,291,0,2,5,6,1,0,0,0,0,0.0,0.0
/home/karthikpk/project-workspace/workspace/target-repos/numpy/numpy/core/einsumfunc.py,einsum,1010,1443,1,20,47,49,17,39,196.73137065497968,4.875,959.0654319430259,53.28141288572366,0.0655771235516599
/home/karthikpk/project-workspace/workspace/target-repos/numpy/benchmarks/benchmarks/bench_app.py,time_it,84,85,0,3,2,2,0,0,0,0,0,0.0,0.0
/home/karthikpk/project-workspace/workspace/target-repos/numpy/numpy/core/tests/test_api.py,test_broadcast_arrays,574,580,0,1,6,6,1,0,0,0,0,0.0,0.0
/home/karthikpk/project-workspace/workspace/target-repos/click/src/click/exceptions.py,__init__,260,266,0,3,7,6,0,3,4.754887502163469,0.5,2.3774437510817346,0.1320802083934297,0.0015849625007211565
/home/karthikpk/project-workspace/workspace/target-repos/django/django/contrib/admin/utils.py,lookup_spawns_duplicates,31,54,0,8,17,16,5,5,11.60964047443681,1.0,11.60964047443681,0.6449800263576005,0.0038698801581456034
/home/karthikpk/project-workspace/workspace/target-repos/numpy/tools/swig/test/testFortran.py,__init__,66,69,0,2,4,4,0,0,0,0,0,0.0,0.0
/home/karthikpk/project-workspace/workspace/target-repos/numpy/numpy/core/tests/test_umath.py,test_priority,3056,3097,0,2,35,35,0,51,227.43101255050217,0.8095238095238095,184.11081968373986,10.228378871318881,0.07581033751683405
/home/karthikpk/project-workspace/workspace/target-repos/django/django/core/management/templates.py,validate_name,261,294,0,7,11,32,2,5,11.60964047443681,1.0,11.60964047443681,0.6449800263576005,0.0038698801581456034
/home/karthikpk/project-workspace/workspace/target-repos/django/django/template/library.py,dec,166,202,0,4,11,35,0,3,4.754887502163469,0.5,2.3774437510817346,0.1320802083934297,0.0015849625007211565
/home/karthikpk/project-workspace/workspace/target-repos/django/django/utils/decorators.py,_wrapper,38,46,0,3,5,5,4,0,0,0,0,0.0,0.0
/home/karthikpk/project-workspace/workspace/target-repos/requests/requests/utils.py,get_auth_from_url,1016,1029,0,2,8,7,0,0,0,0,0,0.0,0.0
/home/karthikpk/project-workspace/workspace/target-repos/django/django/db/backends/oracle/operations.py,datetime_extract_sql,166,168,0,4,3,3,0,0,0,0,0,0.0,0.0
/home/karthikpk/project-workspace/workspace/target-repos/numpy/numpy/random/_examples/numba/extending.py,numbacall,32,33,0,1,2,2,0,0,0,0,0,0.0,0.0
/home/karthikpk/project-workspace/workspace/target-repos/django/django/template/base.py,__init__,797,841,0,8,26,28,15,47,235.0,5.0,1175.0,65.27777777777777,0.07833333333333334
/home/karthikpk/project-workspace/workspace/target-repos/flask/tests/test_basic.py,test_request_preprocessing_early_return,679,703,0,3,20,20,0,6,13.931568569324174,0.5,6.965784284662087,0.3869880158145604,0.004643856189774725
/home/karthikpk/project-workspace/workspace/target-repos/numpy/numpy/random/tests/test_random.py,test_poisson,1532,1545,0,2,12,12,0,14,44.37895002019238,1.2857142857142858,57.05865002596163,3.169925001442313,0.014792983340064125
/home/karthikpk/project-workspace/workspace/target-repos/django/django/forms/forms.py,errors,193,197,0,4,5,4,0,3,4.754887502163469,0.5,2.3774437510817346,0.1320802083934297,0.0015849625007211565
/home/karthikpk/project-workspace/workspace/target-repos/django/django/template/base.py,render,169,177,0,3,9,8,0,3,4.754887502163469,0.5,2.3774437510817346,0.1320802083934297,0.0015849625007211565
/home/karthikpk/project-workspace/workspace/target-repos/django/django/db/migrations/serializer.py,_format,278,279,0,2,2,2,0,0,0,0,0,0.0,0.0
/home/karthikpk/project-workspace/workspace/target-repos/numpy/numpy/polynomial/tests/test_legendre.py,test_legx,42,43,0,2,2,2,0,0,0,0,0,0.0,0.0
/home/karthikpk/project-workspace/workspace/target-repos/numpy/numpy/core/tests/test_datetime.py,test_datetime_arange_no_dtype,1925,1928,0,2,4,4,0,3,4.754887502163469,0.5,2.3774437510817346,0.1320802083934297,0.0015849625007211565
/home/karthikpk/project-workspace/workspace/target-repos/django/django/core/serializers/base.py,serialize,107,172,0,4,35,56,5,47,220.92066675263135,4.65,1027.2811003997358,57.07117224442977,0.07364022225087712
/home/karthikpk/project-workspace/workspace/target-repos/django/django/contrib/contenttypes/fields.py,_get_path_info_with_parent,394,434,0,2,16,25,11,3,4.754887502163469,0.5,2.3774437510817346,0.1320802083934297,0.0015849625007211565
/home/karthikpk/project-workspace/workspace/target-repos/numpy/numpy/core/tests/test_regression.py,test_lexsort_buffer_length,1368,1373,0,2,6,5,1,2,2.0,0.5,1.0,0.05555555555555555,0.0006666666666666666
/home/karthikpk/project-workspace/workspace/target-repos/click/tests/test_options.py,test_do_not_show_default_empty_multiple,797,804,0,2,6,5,0,3,4.754887502163469,0.5,2.3774437510817346,0.1320802083934297,0.0015849625007211565
/home/karthikpk/project-workspace/workspace/target-repos/numpy/numpy/core/tests/test_nditer.py,test_iter_iterrange,1743,1782,0,8,33,34,1,0,0,0,0,0.0,0.0
/home/karthikpk/project-workspace/workspace/target-repos/django/django/forms/boundfield.py,tag,328,330,0,2,4,3,0,0,0,0,0,0.0,0.0
/home/karthikpk/project-workspace/workspace/target-repos/numpy/numpy/core/tests/test_defchararray.py,test_isalpha,260,262,0,2,3,3,0,0,0,0,0,0.0,0.0
/home/karthikpk/project-workspace/workspace/target-repos/flask/src/flask/sessions.py,get_cookie_name,178,180,0,2,3,2,0,0,0,0,0,0.0,0.0
/home/karthikpk/project-workspace/workspace/target-repos/numpy/numpy/lib/tests/test_function_base.py,foo,1538,1539,0,2,2,2,0,0,0,0,0,0.0,0.0
/home/karthikpk/project-workspace/workspace/target-repos/django/django/forms/boundfield.py,template_name,333,336,0,2,4,4,0,3,4.754887502163469,0.5,2.3774437510817346,0.1320802083934297,0.0015849625007211565
/home/karthikpk/project-workspace/workspace/target-repos/numpy/numpy/core/tests/test_arrayprint.py,test_summarize_structure,357,382,0,2,14,22,0,0,0,0,0,0.0,0.0
/home/karthikpk/project-workspace/workspace/target-repos/flask/tests/test_json.py,test_json_as_unicode,51,54,0,2,4,4,0,3,4.754887502163469,0.5,2.3774437510817346,0.1320802083934297,0.0015849625007211565
/home/karthikpk/project-workspace/workspace/target-repos/django/django/db/models/fields/files.py,formfield,349,356,0,3,3,8,0,0,0,0,0,0.0,0.0
/home/karthikpk/project-workspace/workspace/target-repos/click/src/click/core.py,_parse_decls,2642,2693,1,12,40,47,1,34,155.88872502451935,4.323529411764706,673.98948760601,37.443860422556114,0.05196290834150645
/home/karthikpk/project-workspace/workspace/target-repos/numpy/numpy/core/tests/test_numeric.py,test_large_neg_int64,1681,1684,0,2,2,3,1,11,36.541209043760986,2.3333333333333335,85.26282110210897,4.736823394561609,0.012180403014586996
/home/karthikpk/project-workspace/workspace/target-repos/django/django/utils/inspect.py,_get_callable_parameters,13,16,0,2,4,4,0,0,0,0,0,0.0,0.0
/home/karthikpk/project-workspace/workspace/target-repos/numpy/doc/preprocess.py,doxy_gen,10,23,0,3,12,11,0,2,2.0,0.5,1.0,0.05555555555555555,0.0006666666666666666
/home/karthikpk/project-workspace/workspace/target-repos/numpy/numpy/f2py/crackfortran.py,outmess,236,244,0,4,8,8,0,4,6.339850002884625,0.5,3.1699250014423126,0.17610694452457293,0.002113283334294875
/home/karthikpk/project-workspace/workspace/target-repos/numpy/benchmarks/benchmarks/bench_io.py,setup,117,119,0,2,3,3,0,3,4.754887502163469,0.5,2.3774437510817346,0.1320802083934297,0.0015849625007211565
/home/karthikpk/project-workspace/workspace/target-repos/numpy/numpy/lib/utils.py,_lookfor_generate_cache,878,1015,1,37,95,95,11,75,425.4319006478622,6.7375,2866.3474306149715,159.24152392305396,0.1418106335492874
/home/karthikpk/project-workspace/workspace/target-repos/django/django/urls/base.py,reverse,27,88,1,16,44,49,6,32,150.41407098051496,5.5588235294117645,836.1252769210979,46.45140427339433,0.05013802366017166
/home/karthikpk/project-workspace/workspace/target-repos/numpy/numpy/distutils/tests/test_exec_command.py,__exit__,39,43,0,2,4,4,1,0,0,0,0,0.0,0.0
/home/karthikpk/project-workspace/workspace/target-repos/django/django/db/migrations/questioner.py,ask_auto_now_add_addition,79,82,0,3,3,2,1,0,0,0,0,0.0,0.0
/home/karthikpk/project-workspace/workspace/target-repos/numpy/numpy/lib/tests/test_recfunctions.py,test_solo,635,644,0,2,8,8,1,6,9.509775004326938,1.0,9.509775004326938,0.5283208335737188,0.003169925001442313
/home/karthikpk/project-workspace/workspace/target-repos/numpy/numpy/lib/function_base.py,_i0_dispatcher,3426,3427,0,1,2,2,0,0,0,0,0,0.0,0.0
/home/karthikpk/project-workspace/workspace/target-repos/numpy/numpy/core/tests/test_numeric.py,test_std,243,252,0,2,9,9,0,3,4.754887502163469,0.5,2.3774437510817346,0.1320802083934297,0.0015849625007211565
/home/karthikpk/project-workspace/workspace/target-repos/numpy/numpy/core/tests/test_multiarray.py,test_roundtrip_repr,5358,5362,0,2,5,5,0,0,0,0,0,0.0,0.0
/home/karthikpk/project-workspace/workspace/target-repos/numpy/numpy/lib/tests/test_arraypad.py,test_check_mean_2,406,428,0,2,5,21,0,0,0,0,0,0.0,0.0
/home/karthikpk/project-workspace/workspace/target-repos/numpy/numpy/polynomial/tests/test_laguerre.py,test_lagzero,33,34,0,2,2,2,0,0,0,0,0,0.0,0.0
/home/karthikpk/project-workspace/workspace/target-repos/django/django/db/backends/oracle/introspection.py,get_relations,251,274,0,5,6,19,0,0,0,0,0,0.0,0.0
/home/karthikpk/project-workspace/workspace/target-repos/django/django/templatetags/cache.py,do_cache,59,100,0,5,16,18,1,18,66.60791492653966,3.4375,228.9647075599801,12.720261531110005,0.022202638308846556
/home/karthikpk/project-workspace/workspace/target-repos/requests/requests/utils.py,check_header_validity,1032,1040,0,1,5,4,0,0,0,0,0,0.0,0.0
/home/karthikpk/project-workspace/workspace/target-repos/numpy/numpy/polynomial/tests/test_laguerre.py,test_lagint,205,286,1,12,69,65,9,96,524.1054353891806,3.9743589743589745,2082.9831406493076,115.7212855916282,0.17470181179639352
/home/karthikpk/project-workspace/workspace/target-repos/numpy/numpy/linalg/linalg.py,cond,1703,1818,1,11,32,31,5,56,272.04693572714405,7.65,2081.159058312652,115.61994768403623,0.09068231190904802
/home/karthikpk/project-workspace/workspace/target-repos/requests/tests/test_requests.py,test_proxy_error,585,590,0,3,4,5,1,0,0,0,0,0.0,0.0
/home/karthikpk/project-workspace/workspace/target-repos/numpy/numpy/core/function_base.py,_linspace_dispatcher,19,21,0,1,2,3,0,0,0,0,0,0.0,0.0
/home/karthikpk/project-workspace/workspace/target-repos/numpy/tools/refguide_check.py,check_doctests_testfile,912,1029,1,13,41,45,8,21,84.0,1.6153846153846154,135.6923076923077,7.538461538461539,0.028
/home/karthikpk/project-workspace/workspace/target-repos/django/django/core/management/__init__.py,call_command,83,194,1,23,59,78,10,44,225.68845274557853,6.645833333333333,1499.8878422049906,83.32710234472171,0.07522948424852617
/home/karthikpk/project-workspace/workspace/target-repos/numpy/numpy/core/tests/test_datetime.py,test_datetime_dtype_creation,27,67,0,2,27,34,4,60,321.453120277085,2.1621621621621623,695.0337735720758,38.612987420670876,0.10715104009236168
/home/karthikpk/project-workspace/workspace/target-repos/django/django/db/models/expressions.py,__repr__,924,932,0,3,7,9,0,6,13.931568569324174,0.5,6.965784284662087,0.3869880158145604,0.004643856189774725
/home/karthikpk/project-workspace/workspace/target-repos/numpy/numpy/core/einsumfunc.py,_greedy_path,312,410,1,12,37,37,13,27,110.36149671375918,2.769230769230769,305.6164524381023,16.978691802116796,0.03678716557125306
/home/karthikpk/project-workspace/workspace/target-repos/numpy/tools/refguide_check.py,check_documentation,1069,1095,0,4,14,16,1,6,15.509775004326936,1.0,15.509775004326936,0.861654166907052,0.005169925001442312
/home/karthikpk/project-workspace/workspace/target-repos/numpy/numpy/lib/tests/test_function_base.py,test_basic,644,662,0,3,12,16,0,0,0,0,0,0.0,0.0
/home/karthikpk/project-workspace/workspace/target-repos/numpy/numpy/core/tests/test_ufunc.py,test_addition_reduce_negative_zero,2834,2857,0,9,19,19,3,22,85.95159310338741,4.333333333333333,372.4569034480121,20.692050191556227,0.02865053103446247
/home/karthikpk/project-workspace/workspace/target-repos/django/django/contrib/gis/gdal/srs.py,__str__,145,147,0,2,3,2,0,0,0,0,0,0.0,0.0
/home/karthikpk/project-workspace/workspace/target-repos/django/django/contrib/gis/db/backends/spatialite/operations.py,convert_extent,103,112,0,2,10,7,0,3,4.754887502163469,0.5,2.3774437510817346,0.1320802083934297,0.0015849625007211565
/home/karthikpk/project-workspace/workspace/target-repos/django/django/contrib/auth/views.py,get_default_redirect_url,60,64,0,3,5,4,0,0,0,0,0,0.0,0.0
/home/karthikpk/project-workspace/workspace/target-repos/numpy/numpy/core/tests/test_overrides.py,dispatched_two_arg,30,32,0,1,3,2,0,0,0,0,0,0.0,0.0
/home/karthikpk/project-workspace/workspace/target-repos/numpy/numpy/array_api/_utility_functions.py,all,10,22,0,1,3,8,0,0,0,0,0,0.0,0.0
/home/karthikpk/project-workspace/workspace/target-repos/numpy/numpy/core/tests/test_defchararray.py,test_index,247,254,0,2,6,6,0,3,4.754887502163469,0.5,2.3774437510817346,0.1320802083934297,0.0015849625007211565
/home/karthikpk/project-workspace/workspace/target-repos/django/django/db/models/functions/window.py,_resolve_output_field,55,57,0,4,3,3,0,0,0,0,0,0.0,0.0
/home/karthikpk/project-workspace/workspace/target-repos/django/django/db/backends/base/schema.py,_alter_column_comment_sql,1301,1310,0,7,3,10,0,3,4.754887502163469,0.5,2.3774437510817346,0.1320802083934297,0.0015849625007211565
/home/karthikpk/project-workspace/workspace/target-repos/numpy/numpy/polynomial/tests/test_hermite.py,test_hermint,208,289,1,12,69,65,9,94,513.1865721519059,3.91025641025641,2006.691083414504,111.48283796747245,0.17106219071730197
/home/karthikpk/project-workspace/workspace/target-repos/numpy/numpy/core/code_generators/genapi.py,define_from_array_api_string,388,392,0,2,2,5,0,3,4.754887502163469,0.5,2.3774437510817346,0.1320802083934297,0.0015849625007211565
/home/karthikpk/project-workspace/workspace/target-repos/numpy/numpy/ma/core.py,__copy__,6637,6638,0,2,2,2,0,0,0,0,0,0.0,0.0
/home/karthikpk/project-workspace/workspace/target-repos/numpy/numpy/lib/tests/test_mixins.py,test_unary_methods,170,177,0,2,5,8,0,2,2.0,0.5,1.0,0.05555555555555555,0.0006666666666666666
/home/karthikpk/project-workspace/workspace/target-repos/numpy/numpy/core/tests/test_array_coercion.py,subclass,36,37,0,1,2,2,0,0,0,0,0,0.0,0.0
/home/karthikpk/project-workspace/workspace/target-repos/numpy/numpy/ma/tests/test_core.py,test_getitem,5040,5058,0,2,14,16,2,2,2.0,0.5,1.0,0.05555555555555555,0.0006666666666666666
/home/karthikpk/project-workspace/workspace/target-repos/click/tests/test_basic.py,test_evaluation_order,455,495,0,3,18,38,0,5,11.60964047443681,1.0,11.60964047443681,0.6449800263576005,0.0038698801581456034
/home/karthikpk/project-workspace/workspace/target-repos/django/django/contrib/gis/utils/layermapping.py,feature_kwargs,343,374,0,7,16,15,9,0,0,0,0,0.0,0.0
/home/karthikpk/project-workspace/workspace/target-repos/django/django/core/servers/basehttp.py,address_string,179,181,0,4,2,2,1,0,0,0,0,0.0,0.0
/home/karthikpk/project-workspace/workspace/target-repos/numpy/numpy/f2py/crackfortran.py,character_backward_compatibility_hook,3631,3688,1,13,32,35,6,57,285.0,4.153846153846154,1183.846153846154,65.76923076923077,0.095
/home/karthikpk/project-workspace/workspace/target-repos/numpy/numpy/lib/tests/test_format.py,test_large_header,838,845,0,1,8,7,0,6,12.0,0.6666666666666666,8.0,0.4444444444444444,0.004
/home/karthikpk/project-workspace/workspace/target-repos/django/django/contrib/gis/gdal/geometries.py,_create_empty,531,532,0,2,2,2,0,0,0,0,0,0.0,0.0
/home/karthikpk/project-workspace/workspace/target-repos/django/django/contrib/auth/base_user.py,make_random_password,36,51,0,3,4,11,0,0,0,0,0,0.0,0.0
/home/karthikpk/project-workspace/workspace/target-repos/numpy/numpy/lib/recfunctions.py,merge_arrays,362,494,1,22,70,72,16,35,158.32466846199546,4.0588235294117645,642.6118896398639,35.700660535547996,0.05277488948733182
/home/karthikpk/project-workspace/workspace/target-repos/numpy/numpy/lib/tests/test_io.py,count,1157,1159,0,2,3,3,0,3,4.754887502163469,0.5,2.3774437510817346,0.1320802083934297,0.0015849625007211565
/home/karthikpk/project-workspace/workspace/target-repos/numpy/numpy/core/tests/test_function_base.py,test_dtype,96,102,0,3,7,7,0,0,0,0,0,0.0,0.0
/home/karthikpk/project-workspace/workspace/target-repos/flask/src/flask/config.py,from_envvar,81,103,0,5,8,12,0,2,2.0,0.5,1.0,0.05555555555555555,0.0006666666666666666
/home/karthikpk/project-workspace/workspace/target-repos/numpy/numpy/f2py/auxfuncs.py,islogicalfunction,321,330,0,4,10,10,0,8,22.458839376460833,1.0,22.458839376460833,1.2477132986922685,0.007486279792153611
/home/karthikpk/project-workspace/workspace/target-repos/numpy/numpy/core/tests/test_numeric.py,test_type_cast_05,2110,2117,0,2,7,7,1,8,20.67970000576925,1.25,25.84962500721156,1.43609027817842,0.006893233335256416
/home/karthikpk/project-workspace/workspace/target-repos/numpy/numpy/lib/tests/test_function_base.py,test_no_keywords,1840,1844,0,2,5,5,0,0,0,0,0,0.0,0.0
/home/karthikpk/project-workspace/workspace/target-repos/django/django/contrib/admin/checks.py,refer_to_missing_field,1342,1350,0,1,2,9,0,3,4.754887502163469,0.5,2.3774437510817346,0.1320802083934297,0.0015849625007211565
/home/karthikpk/project-workspace/workspace/target-repos/numpy/tools/swig/test/testMatrix.py,__init__,313,316,0,2,4,4,0,0,0,0,0,0.0,0.0
/home/karthikpk/project-workspace/workspace/target-repos/requests/tests/test_lowlevel.py,redirect_resp_handler,313,325,0,6,6,13,0,3,4.754887502163469,0.5,2.3774437510817346,0.1320802083934297,0.0015849625007211565
/home/karthikpk/project-workspace/workspace/target-repos/flask/tests/test_basic.py,test_request_dispatching,128,148,0,10,19,19,1,26,93.20902501875007,1.7,158.45534253187512,8.803074585104174,0.031069675006250023
/home/karthikpk/project-workspace/workspace/target-repos/numpy/benchmarks/benchmarks/bench_trim_zeros.py,setup,18,24,0,2,3,7,0,3,4.754887502163469,0.5,2.3774437510817346,0.1320802083934297,0.0015849625007211565
/home/karthikpk/project-workspace/workspace/target-repos/numpy/numpy/matlib.py,repmat,330,378,0,3,14,13,0,12,38.03910001730775,1.1428571428571428,43.47325716263743,2.415180953479857,0.012679700005769252
/home/karthikpk/project-workspace/workspace/target-repos/django/django/contrib/sitemaps/__init__.py,_get_sitemap_full_url,32,58,0,7,17,22,2,11,33.0,2.1,69.3,3.8499999999999996,0.011
/home/karthikpk/project-workspace/workspace/target-repos/numpy/numpy/ma/tests/test_core.py,test_ctor,5337,5343,0,2,4,4,2,5,11.60964047443681,1.0,11.60964047443681,0.6449800263576005,0.0038698801581456034
/home/karthikpk/project-workspace/workspace/target-repos/numpy/numpy/core/records.py,array,954,1099,1,25,49,56,0,60,282.02638308846554,6.0,1692.1582985307932,94.00879436282185,0.09400879436282185
/home/karthikpk/project-workspace/workspace/target-repos/django/django/templatetags/i18n.py,do_block_translate,458,596,1,22,67,94,0,71,382.854537017292,3.9166666666666665,1499.5136033177268,83.30631129542927,0.127618179005764
/home/karthikpk/project-workspace/workspace/target-repos/numpy/numpy/distutils/system_info.py,calc_info,1439,1524,1,13,69,81,1,54,279.17595007788486,6.923076923076923,1932.75657746228,107.3753654145711,0.09305865002596161
/home/karthikpk/project-workspace/workspace/target-repos/numpy/numpy/random/tests/test_random.py,test_basic,70,71,0,2,2,2,0,0,0,0,0,0.0,0.0
/home/karthikpk/project-workspace/workspace/target-repos/numpy/numpy/core/tests/test_indexing.py,_check_multi_index,1098,1120,0,10,13,12,1,0,0,0,0,0.0,0.0
/home/karthikpk/project-workspace/workspace/target-repos/numpy/numpy/polynomial/tests/test_chebyshev.py,test_chebgrid3d,203,215,0,2,9,9,2,6,15.509775004326936,1.0,15.509775004326936,0.861654166907052,0.005169925001442312
/home/karthikpk/project-workspace/workspace/target-repos/django/django/db/models/query.py,prefetch_related_objects,2225,2376,1,27,68,96,41,66,353.5984323047935,5.090909090909091,1800.137473551676,100.00763741953756,0.11786614410159783
/home/karthikpk/project-workspace/workspace/target-repos/numpy/numpy/testing/print_coercion_tables.py,print_coercion_table,42,80,1,12,38,38,0,6,12.0,0.6666666666666666,8.0,0.4444444444444444,0.004
/home/karthikpk/project-workspace/workspace/target-repos/django/django/db/migrations/operations/base.py,describe,82,86,0,2,3,2,0,3,4.754887502163469,0.5,2.3774437510817346,0.1320802083934297,0.0015849625007211565
/home/karthikpk/project-workspace/workspace/target-repos/numpy/benchmarks/benchmarks/bench_ufunc.py,time_or_bool,310,311,0,2,2,2,0,3,3.0,1.0,3.0,0.16666666666666666,0.001
/home/karthikpk/project-workspace/workspace/target-repos/numpy/numpy/core/tests/test_multiarray.py,test_sequence_non_homogeneous,1030,1037,0,2,8,8,0,15,38.77443751081734,2.5,96.93609377704335,5.385338543169075,0.012924812503605781
/home/karthikpk/project-workspace/workspace/target-repos/django/django/template/defaulttags.py,do_for,768,865,0,8,24,34,0,37,175.93083758004835,4.842105263157895,851.8756345981288,47.32642414434049,0.058643612526682785
/home/karthikpk/project-workspace/workspace/target-repos/django/django/contrib/gis/db/models/lookups.py,process_band_indices,37,54,0,3,11,10,2,6,9.509775004326938,1.0,9.509775004326938,0.5283208335737188,0.003169925001442313
/home/karthikpk/project-workspace/workspace/target-repos/numpy/numpy/core/tests/test_dtype.py,test_dtype,1870,1873,0,4,4,4,0,3,4.754887502163469,0.5,2.3774437510817346,0.1320802083934297,0.0015849625007211565
/home/karthikpk/project-workspace/workspace/target-repos/numpy/benchmarks/benchmarks/bench_shape_base.py,time_nested,51,63,0,2,2,13,0,0,0,0,0,0.0,0.0
/home/karthikpk/project-workspace/workspace/target-repos/numpy/numpy/distutils/tests/test_exec_command.py,__exit__,54,55,0,2,2,2,0,0,0,0,0,0.0,0.0
/home/karthikpk/project-workspace/workspace/target-repos/numpy/tools/cythonize.py,save_hashes,120,123,0,2,4,4,0,3,4.754887502163469,0.5,2.3774437510817346,0.1320802083934297,0.0015849625007211565
/home/karthikpk/project-workspace/workspace/target-repos/django/django/contrib/auth/admin.py,get_fieldsets,85,88,0,4,4,4,0,2,2.0,0.5,1.0,0.05555555555555555,0.0006666666666666666
/home/karthikpk/project-workspace/workspace/target-repos/django/django/db/models/fields/__init__.py,get_internal_type,2800,2801,0,2,2,2,0,0,0,0,0,0.0,0.0
/home/karthikpk/project-workspace/workspace/target-repos/numpy/numpy/core/tests/test_casting_unittests.py,test_void_to_string_special_case,667,672,0,9,3,3,3,9,23.264662506490403,1.5,34.89699375973561,1.938721875540867,0.007754887502163467
/home/karthikpk/project-workspace/workspace/target-repos/numpy/numpy/core/numeric.py,tensordot,933,1122,1,21,58,57,2,43,208.89318279048564,4.454545454545454,930.5241778848905,51.69578766027169,0.06963106093016189
/home/karthikpk/project-workspace/workspace/target-repos/django/django/forms/fields.py,__init__,1174,1224,1,23,35,47,0,39,178.81353752812512,3.4210526315789473,611.7305231225333,33.98502906236296,0.05960451250937504
/home/karthikpk/project-workspace/workspace/target-repos/numpy/numpy/f2py/tests/test_crackfortran.py,incr,103,104,0,3,2,2,0,3,4.754887502163469,0.5,2.3774437510817346,0.1320802083934297,0.0015849625007211565
/home/karthikpk/project-workspace/workspace/target-repos/click/examples/aliases/aliases.py,resolve_command,70,73,0,5,3,3,1,0,0,0,0,0.0,0.0
/home/karthikpk/project-workspace/workspace/target-repos/django/django/contrib/gis/geos/geometry.py,intersects,323,325,0,2,3,2,0,0,0,0,0,0.0,0.0
/home/karthikpk/project-workspace/workspace/target-repos/numpy/numpy/core/tests/test_datetime.py,test_datetime_nat_argsort_stability,187,192,0,2,4,4,2,0,0,0,0,0.0,0.0
/home/karthikpk/project-workspace/workspace/target-repos/numpy/numpy/random/tests/test_regression.py,test_shuffle_mixed_dimension,50,60,0,3,7,10,1,0,0,0,0,0.0,0.0
/home/karthikpk/project-workspace/workspace/target-repos/numpy/tools/c_coverage/c_coverage_report.py,write_html,66,75,0,3,7,10,0,0,0,0,0,0.0,0.0
/home/karthikpk/project-workspace/workspace/target-repos/numpy/numpy/core/tests/test_defchararray.py,test_equal,168,169,0,2,2,2,0,3,4.754887502163469,0.5,2.3774437510817346,0.1320802083934297,0.0015849625007211565
/home/karthikpk/project-workspace/workspace/target-repos/numpy/numpy/testing/tests/test_utils.py,test_single,1169,1174,0,2,5,5,1,9,25.26619429851844,1.2,30.319433158222125,1.6844129532345624,0.008422064766172813
/home/karthikpk/project-workspace/workspace/target-repos/click/src/click/core.py,get_command,1749,1753,0,5,3,2,0,0,0,0,0,0.0,0.0
/home/karthikpk/project-workspace/workspace/target-repos/django/django/utils/connection.py,__getattr__,14,15,0,2,2,2,0,0,0,0,0,0.0,0.0
/home/karthikpk/project-workspace/workspace/target-repos/numpy/numpy/core/_machar.py,_do_init,122,337,1,18,190,191,12,422,2872.7037771083087,23.25,66790.36281776818,3710.5757120982325,0.9575679257027696
/home/karthikpk/project-workspace/workspace/target-repos/numpy/numpy/ma/core.py,__str__,899,900,0,2,2,2,0,0,0,0,0,0.0,0.0
/home/karthikpk/project-workspace/workspace/target-repos/django/django/contrib/gis/gdal/raster/band.py,__getitem__,269,273,0,2,5,5,0,6,13.931568569324174,1.3333333333333333,18.575424759098897,1.0319680421721609,0.004643856189774725
/home/karthikpk/project-workspace/workspace/target-repos/numpy/numpy/lib/tests/test_histograms.py,test_bin_edge_cases,234,243,0,2,11,9,1,11,36.541209043760986,2.3333333333333335,85.26282110210897,4.736823394561609,0.012180403014586996
/home/karthikpk/project-workspace/workspace/target-repos/numpy/numpy/core/tests/test_umath_complex.py,g,462,463,0,2,2,2,0,0,0,0,0,0.0,0.0
/home/karthikpk/project-workspace/workspace/target-repos/numpy/numpy/core/tests/test_multiarray.py,test_writeable_from_c_data,172,210,0,3,27,27,6,10,15.849625007211563,1.25,19.812031259014454,1.1006684032785807,0.005283208335737187
/home/karthikpk/project-workspace/workspace/target-repos/numpy/numpy/core/tests/test_arrayprint.py,test_self_containing,123,142,0,2,15,18,2,0,0,0,0,0.0,0.0
/home/karthikpk/project-workspace/workspace/target-repos/numpy/numpy/core/tests/test_multiarray.py,test_mapiter,8664,8682,0,2,11,14,2,0,0,0,0,0.0,0.0
/home/karthikpk/project-workspace/workspace/target-repos/numpy/numpy/core/tests/test_regression.py,test_array_from_sequence_scalar_array,1335,1348,0,2,11,11,2,0,0,0,0,0.0,0.0
/home/karthikpk/project-workspace/workspace/target-repos/numpy/numpy/f2py/tests/test_callback.py,test_string_callback_array,102,120,0,6,16,16,1,14,50.18947501009619,1.5,75.28421251514428,4.182456250841349,0.016729825003365395
/home/karthikpk/project-workspace/workspace/target-repos/django/django/db/backends/postgresql/operations.py,fetch_returned_insert_rows,148,153,0,3,3,2,0,0,0,0,0,0.0,0.0
/home/karthikpk/project-workspace/workspace/target-repos/numpy/numpy/lib/function_base.py,delete,5174,5362,1,27,102,104,12,117,682.4481316572749,16.15,11021.537326264988,612.3076292369437,0.22748271055242494
/home/karthikpk/project-workspace/workspace/target-repos/numpy/numpy/lib/format.py,read_array_header_2_0,513,549,0,1,3,3,0,0,0,0,0,0.0,0.0
/home/karthikpk/project-workspace/workspace/target-repos/numpy/numpy/random/tests/test_random.py,test_two_arg_funcs,1694,1719,0,3,14,20,1,3,4.754887502163469,0.5,2.3774437510817346,0.1320802083934297,0.0015849625007211565
/home/karthikpk/project-workspace/workspace/target-repos/numpy/numpy/core/tests/test_umath.py,test_inf,2046,2056,0,2,11,11,0,14,14.0,3.5,49.0,2.7222222222222223,0.004666666666666667
/home/karthikpk/project-workspace/workspace/target-repos/django/django/db/backends/oracle/base.py,_commit,308,311,0,3,4,4,0,3,4.754887502163469,0.5,2.3774437510817346,0.1320802083934297,0.0015849625007211565
/home/karthikpk/project-workspace/workspace/target-repos/django/django/db/models/sql/compiler.py,get_order_by,448,507,1,12,32,42,10,30,137.5488750216347,2.6315789473684212,361.97072374114396,20.109484652285776,0.04584962500721157
/home/karthikpk/project-workspace/workspace/target-repos/numpy/numpy/core/tests/test_indexing.py,test_non_integer_sequence_multiplication,1268,1275,0,2,5,5,2,3,4.754887502163469,0.5,2.3774437510817346,0.1320802083934297,0.0015849625007211565
/home/karthikpk/project-workspace/workspace/target-repos/numpy/doc/neps/tools/build_index.py,nep_metadata,19,102,1,24,50,65,4,67,363.55973856504056,4.8,1745.0867451121946,96.94926361734414,0.12118657952168019
/home/karthikpk/project-workspace/workspace/target-repos/numpy/tools/linter.py,run_lint,68,74,0,3,5,5,0,3,4.754887502163469,0.5,2.3774437510817346,0.1320802083934297,0.0015849625007211565
/home/karthikpk/project-workspace/workspace/target-repos/numpy/numpy/array_api/_elementwise_functions.py,negative,578,586,0,2,5,4,0,3,4.754887502163469,0.5,2.3774437510817346,0.1320802083934297,0.0015849625007211565
/home/karthikpk/project-workspace/workspace/target-repos/numpy/benchmarks/benchmarks/bench_overrides.py,_concatenate_dispatcher,24,28,0,2,5,5,0,3,4.754887502163469,0.5,2.3774437510817346,0.1320802083934297,0.0015849625007211565
/home/karthikpk/project-workspace/workspace/target-repos/numpy/numpy/ma/tests/test_old_ma.py,test_nonzero,776,779,0,3,4,4,0,0,0,0,0,0.0,0.0
/home/karthikpk/project-workspace/workspace/target-repos/numpy/numpy/core/tests/test_deprecations.py,test_both_passed,626,631,0,2,5,5,1,0,0,0,0,0.0,0.0
/home/karthikpk/project-workspace/workspace/target-repos/numpy/numpy/distutils/mingw32ccompiler.py,manifest_rc,530,552,0,3,9,10,0,12,36.0,1.3333333333333333,48.0,2.6666666666666665,0.012
/home/karthikpk/project-workspace/workspace/target-repos/flask/tests/test_json.py,return_array,124,125,0,4,2,2,0,0,0,0,0,0.0,0.0
/home/karthikpk/project-workspace/workspace/target-repos/numpy/doc/source/conf.py,linkcode_resolve,441,508,1,17,48,49,4,43,220.55916972863355,5.6,1235.1313504803477,68.61840836001932,0.07351972324287785
/home/karthikpk/project-workspace/workspace/target-repos/numpy/numpy/core/tests/test_nditer.py,test_iter_write_buffering,1813,1829,0,2,10,14,2,5,11.60964047443681,1.0,11.60964047443681,0.6449800263576005,0.0038698801581456034
/home/karthikpk/project-workspace/workspace/target-repos/numpy/numpy/f2py/tests/test_symbolic.py,test_operations,212,274,1,23,56,55,0,418,2997.028650602887,9.2,27572.663585546557,1531.8146436414754,0.9990095502009623
/home/karthikpk/project-workspace/workspace/target-repos/django/tests/runtests.py,teardown_collect_tests,269,272,0,2,3,3,1,0,0,0,0,0.0,0.0
/home/karthikpk/project-workspace/workspace/target-repos/django/django/contrib/gis/gdal/raster/source.py,scale,367,371,0,3,3,2,0,0,0,0,0,0.0,0.0
/home/karthikpk/project-workspace/workspace/target-repos/numpy/numpy/lib/function_base.py,_cov_dispatcher,2525,2527,0,1,2,3,0,0,0,0,0,0.0,0.0
/home/karthikpk/project-workspace/workspace/target-repos/django/django/db/migrations/operations/models.py,old_name_lower,418,419,0,3,2,2,0,0,0,0,0,0.0,0.0
/home/karthikpk/project-workspace/workspace/target-repos/django/django/db/models/expressions.py,set_source_expressions,1537,1538,0,2,2,2,0,0,0,0,0,0.0,0.0
/home/karthikpk/project-workspace/workspace/target-repos/numpy/numpy/core/tests/test_shape_base.py,test_block_complicated,618,640,0,2,11,20,1,0,0,0,0,0.0,0.0
/home/karthikpk/project-workspace/workspace/target-repos/django/django/db/backends/base/operations.py,set_time_zone_sql,415,421,0,2,3,2,0,0,0,0,0,0.0,0.0
/home/karthikpk/project-workspace/workspace/target-repos/numpy/numpy/core/tests/test_ufunc.py,test_signature_failure_signature_missing_input_arg,422,424,0,2,3,3,0,0,0,0,0,0.0,0.0
/home/karthikpk/project-workspace/workspace/target-repos/numpy/numpy/lib/recfunctions.py,append_fields,654,721,1,12,31,35,5,23,99.40434618240934,4.038461538461538,401.44062881357615,22.302257156309786,0.033134782060803114
/home/karthikpk/project-workspace/workspace/target-repos/numpy/numpy/core/tests/test_indexing.py,test_too_many_advanced_indices,556,564,0,2,6,6,3,9,23.264662506490403,0.6,13.95879750389424,0.7754887502163467,0.007754887502163467
/home/karthikpk/project-workspace/workspace/target-repos/django/django/utils/feedgenerator.py,add_item_elements,285,338,1,15,32,47,3,24,96.0,2.6666666666666665,256.0,14.222222222222221,0.032
/home/karthikpk/project-workspace/workspace/target-repos/numpy/numpy/random/tests/test_randomstate.py,test_normal,1928,1932,0,3,4,4,0,0,0,0,0,0.0,0.0
/home/karthikpk/project-workspace/workspace/target-repos/django/django/contrib/staticfiles/management/commands/collectstatic.py,delete_file,274,323,0,7,30,33,14,23,97.70233280920246,3.4615384615384617,338.2003828010854,18.788910155615856,0.03256744426973415
/home/karthikpk/project-workspace/workspace/target-repos/numpy/numpy/distutils/misc_util.py,get_version,1951,2025,0,6,46,52,3,37,144.5549520375152,4.363636363636363,630.7852452546117,35.04362473636732,0.04818498401250507
/home/karthikpk/project-workspace/workspace/target-repos/django/django/core/management/commands/diffsettings.py,handle,45,61,0,4,10,14,1,2,2.0,0.5,1.0,0.05555555555555555,0.0006666666666666666
/home/karthikpk/project-workspace/workspace/target-repos/django/django/db/models/sql/compiler.py,execute_sql,1532,1596,1,12,39,44,7,24,88.81055323538621,2.25,199.82374477961898,11.101319154423276,0.029603517745128736
/home/karthikpk/project-workspace/workspace/target-repos/django/django/http/response.py,_content_type_for_repr,189,194,0,3,2,6,0,6,15.509775004326936,1.0,15.509775004326936,0.861654166907052,0.005169925001442312
/home/karthikpk/project-workspace/workspace/target-repos/django/docs/_ext/djangodocs.py,depart_versionmodified,177,178,0,3,2,2,0,0,0,0,0,0.0,0.0
/home/karthikpk/project-workspace/workspace/target-repos/django/django/db/migrations/operations/special.py,database_backwards,195,201,0,3,5,7,0,3,4.754887502163469,0.5,2.3774437510817346,0.1320802083934297,0.0015849625007211565
/home/karthikpk/project-workspace/workspace/target-repos/numpy/numpy/testing/_private/utils.py,print_assert_equal,372,410,0,2,12,11,1,5,11.60964047443681,1.0,11.60964047443681,0.6449800263576005,0.0038698801581456034
/home/karthikpk/project-workspace/workspace/target-repos/numpy/numpy/core/tests/test_multiarray.py,test_fromfile_bad_dup,5503,5518,0,2,14,14,0,3,4.754887502163469,0.5,2.3774437510817346,0.1320802083934297,0.0015849625007211565
/home/karthikpk/project-workspace/workspace/target-repos/django/django/core/files/move.py,file_move_safe,30,103,1,11,34,47,13,28,124.86408532184433,2.6470588235294117,330.5225787931173,18.362365488506516,0.04162136177394811
/home/karthikpk/project-workspace/workspace/target-repos/django/django/core/management/commands/makemigrations.py,write_to_last_migration_files,263,332,1,13,42,60,8,27,118.59257041502654,2.8125,333.54160429226215,18.530089127347896,0.03953085680500885
/home/karthikpk/project-workspace/workspace/target-repos/django/django/contrib/admindocs/views.py,get_context_data,208,210,0,3,4,3,0,0,0,0,0,0.0,0.0
/home/karthikpk/project-workspace/workspace/target-repos/numpy/numpy/polynomial/polynomial.py,polyint,545,661,1,12,39,37,1,71,385.264797583849,8.078125,3112.21719298203,172.90095516566834,0.12842159919461632
/home/karthikpk/project-workspace/workspace/target-repos/numpy/numpy/ma/tests/test_core.py,setup_method,2587,2600,0,3,10,14,0,3,4.754887502163469,0.5,2.3774437510817346,0.1320802083934297,0.0015849625007211565
/home/karthikpk/project-workspace/workspace/target-repos/django/django/db/backends/oracle/creation.py,_test_user_create,397,398,0,3,2,2,0,0,0,0,0,0.0,0.0
/home/karthikpk/project-workspace/workspace/target-repos/numpy/numpy/core/tests/test_array_coercion.py,test_subarray_from_array_construction,850,872,0,1,15,14,2,3,4.754887502163469,0.5,2.3774437510817346,0.1320802083934297,0.0015849625007211565
/home/karthikpk/project-workspace/workspace/target-repos/numpy/numpy/lib/polynomial.py,polyadd,789,853,0,5,17,16,0,21,82.0447025077789,3.5,287.15645877722613,15.953136598734785,0.02734823416925963
/home/karthikpk/project-workspace/workspace/target-repos/numpy/numpy/distutils/tests/test_ccompiler_opt.py,test_targets_groups,681,723,0,4,3,42,3,0,0,0,0,0.0,0.0
/home/karthikpk/project-workspace/workspace/target-repos/numpy/numpy/polynomial/tests/test_symbol.py,test_change_symbol,53,57,0,2,4,4,1,0,0,0,0,0.0,0.0
/home/karthikpk/project-workspace/workspace/target-repos/numpy/numpy/polynomial/hermite_e.py,hermeroots,1445,1506,0,3,12,10,2,15,51.89147427955947,2.5714285714285716,133.43521957601007,7.413067754222782,0.01729715809318649
/home/karthikpk/project-workspace/workspace/target-repos/django/django/forms/fields.py,to_python,1280,1288,0,4,7,9,0,9,23.264662506490403,1.5,34.89699375973561,1.938721875540867,0.007754887502163467
/home/karthikpk/project-workspace/workspace/target-repos/numpy/numpy/lib/tests/test_regression.py,test_mem_vectorise,34,39,0,2,5,5,1,0,0,0,0,0.0,0.0
/home/karthikpk/project-workspace/workspace/target-repos/numpy/numpy/core/tests/test_regression.py,test_nonscalar_item_method,1190,1193,0,2,3,3,1,0,0,0,0,0.0,0.0
/home/karthikpk/project-workspace/workspace/target-repos/numpy/numpy/random/tests/test_randomstate.py,test_cannot_seed,110,113,0,2,4,4,0,0,0,0,0,0.0,0.0
/home/karthikpk/project-workspace/workspace/target-repos/numpy/numpy/core/numeric.py,warn_if_insufficient,2008,2013,0,7,3,6,0,9,27.0,1.8,48.6,2.7,0.009
/home/karthikpk/project-workspace/workspace/target-repos/numpy/numpy/lib/tests/test_utils.py,test_deprecate_decorator,73,74,0,1,2,2,0,3,4.754887502163469,0.5,2.3774437510817346,0.1320802083934297,0.0015849625007211565
/home/karthikpk/project-workspace/workspace/target-repos/django/django/utils/html.py,urlize,450,453,0,1,2,4,0,0,0,0,0,0.0,0.0
/home/karthikpk/project-workspace/workspace/target-repos/numpy/benchmarks/benchmarks/bench_overrides.py,setup,43,49,0,2,7,7,0,3,4.754887502163469,0.5,2.3774437510817346,0.1320802083934297,0.0015849625007211565
/home/karthikpk/project-workspace/workspace/target-repos/numpy/numpy/core/tests/test_einsum.py,test_output_order,1045,1079,0,3,24,24,3,12,24.0,1.3333333333333333,32.0,1.7777777777777777,0.008
/home/karthikpk/project-workspace/workspace/target-repos/numpy/numpy/lib/polynomial.py,__div__,1372,1377,0,3,6,6,0,3,4.754887502163469,0.5,2.3774437510817346,0.1320802083934297,0.0015849625007211565
/home/karthikpk/project-workspace/workspace/target-repos/numpy/numpy/polynomial/_polybase.py,__rsub__,602,607,0,3,6,6,0,0,0,0,0,0.0,0.0
/home/karthikpk/project-workspace/workspace/target-repos/django/django/core/files/uploadhandler.py,file_complete,177,180,0,2,4,4,0,0,0,0,0,0.0,0.0
/home/karthikpk/project-workspace/workspace/target-repos/numpy/numpy/f2py/auxfuncs.py,isintent_cache,470,471,0,1,2,2,0,3,4.754887502163469,0.5,2.3774437510817346,0.1320802083934297,0.0015849625007211565
/home/karthikpk/project-workspace/workspace/target-repos/numpy/numpy/f2py/tests/test_symbolic.py,test_tostring_fortran,131,178,1,23,59,42,0,112,679.4019893312704,1.1076923076923078,752.5683574130996,41.809353189616644,0.22646732977709014
/home/karthikpk/project-workspace/workspace/target-repos/numpy/numpy/lib/type_check.py,iscomplexobj,303,340,0,2,8,7,0,0,0,0,0,0.0,0.0
/home/karthikpk/project-workspace/workspace/target-repos/django/django/core/serializers/base.py,build_instance,325,348,0,5,13,18,0,7,19.651484454403228,1.0,19.651484454403228,1.0917491363557348,0.00655049481813441
/home/karthikpk/project-workspace/workspace/target-repos/django/django/forms/fields.py,to_python,491,500,0,3,7,6,0,3,4.754887502163469,0.5,2.3774437510817346,0.1320802083934297,0.0015849625007211565
/home/karthikpk/project-workspace/workspace/target-repos/numpy/numpy/f2py/symbolic.py,as_numer_denom,1116,1158,1,17,41,41,0,88,488.8038189476321,8.708333333333334,4256.666590002296,236.48147722234978,0.16293460631587736
/home/karthikpk/project-workspace/workspace/target-repos/requests/requests/auth.py,__init__,110,114,0,5,4,4,1,0,0,0,0,0.0,0.0
/home/karthikpk/project-workspace/workspace/target-repos/django/django/urls/resolvers.py,check,365,366,0,2,2,2,0,0,0,0,0,0.0,0.0
/home/karthikpk/project-workspace/workspace/target-repos/numpy/numpy/f2py/common_rules.py,buildhooks,42,146,1,18,93,101,0,92,552.0,3.745614035087719,2067.578947368421,114.86549707602337,0.184
/home/karthikpk/project-workspace/workspace/target-repos/numpy/numpy/lib/histograms.py,_get_bin_edges,360,451,1,15,46,51,11,46,232.04212949048886,8.571428571428571,1988.9325384899046,110.49625213832803,0.07734737649682961
/home/karthikpk/project-workspace/workspace/target-repos/numpy/numpy/core/fromnumeric.py,_clip_dispatcher,2096,2097,0,1,2,2,0,0,0,0,0,0.0,0.0
/home/karthikpk/project-workspace/workspace/target-repos/numpy/numpy/core/tests/test_scalarmath.py,test_iinfo_long_values,485,500,0,3,14,14,0,12,31.019550008653873,2.0,62.039100017307746,3.446616667628208,0.010339850002884624
/home/karthikpk/project-workspace/workspace/target-repos/numpy/numpy/array_api/_array_object.py,__rmul__,929,938,0,3,8,7,0,3,4.754887502163469,0.5,2.3774437510817346,0.1320802083934297,0.0015849625007211565
/home/karthikpk/project-workspace/workspace/target-repos/django/django/db/models/sql/compiler.py,_order_by_pairs,316,446,1,12,73,105,21,69,372.0699021717345,5.294117647058823,1969.7818350268296,109.43232416815721,0.1240233007239115
/home/karthikpk/project-workspace/workspace/target-repos/click/tests/test_shell_completion.py,test_double_dash,242,254,0,5,6,13,0,12,38.03910001730775,0.5,19.019550008653876,1.0566416671474377,0.012679700005769252
/home/karthikpk/project-workspace/workspace/target-repos/numpy/numpy/testing/tests/test_utils.py,test_inf_compare_array,781,790,0,2,14,9,0,12,19.019550008653876,1.5,28.529325012980813,1.5849625007211563,0.006339850002884626
/home/karthikpk/project-workspace/workspace/target-repos/numpy/numpy/lib/tests/test_shape_base.py,test_axis_insertion_ma,218,230,0,2,17,12,0,14,51.80615605397529,2.0,103.61231210795059,5.75623956155281,0.01726871868465843
/home/karthikpk/project-workspace/workspace/target-repos/click/src/click/termui.py,style,462,588,1,23,35,47,0,26,93.20902501875007,1.7,158.45534253187512,8.803074585104174,0.031069675006250023
/home/karthikpk/project-workspace/workspace/target-repos/click/tests/test_basic.py,test_boolean_flag,224,234,0,3,9,9,0,5,10.0,1.5,15.0,0.8333333333333334,0.0033333333333333335
/home/karthikpk/project-workspace/workspace/target-repos/numpy/numpy/core/tests/test_deprecations.py,test_deprecated_np_lib_math,816,817,0,2,3,2,0,0,0,0,0,0.0,0.0
/home/karthikpk/project-workspace/workspace/target-repos/numpy/numpy/f2py/func2subr.py,createsubrwrapper,202,287,1,30,74,75,1,60,312.567201937737,3.774193548387097,1179.689116990814,65.53828427726745,0.10418906731257901
/home/karthikpk/project-workspace/workspace/target-repos/numpy/numpy/f2py/auxfuncs.py,applyrules,835,894,1,28,63,59,0,44,213.7511637856132,3.0208333333333335,645.7066406023732,35.87259114457629,0.07125038792853773
/home/karthikpk/project-workspace/workspace/target-repos/numpy/numpy/core/tests/test_deprecations.py,test_future_scalar_attributes,757,766,0,3,6,7,3,8,22.458839376460833,1.875,42.11032383086406,2.3394624350480036,0.007486279792153611
/home/karthikpk/project-workspace/workspace/target-repos/numpy/numpy/core/tests/test_nep50_promotions.py,test_nep50_examples,24,67,1,13,31,31,6,51,239.7224256251957,1.4166666666666667,339.6067696356939,18.867042757538552,0.07990747520839857
/home/karthikpk/project-workspace/workspace/target-repos/numpy/numpy/lib/histograms.py,jhat,151,154,0,4,4,4,0,18,70.32403072095333,2.1818181818181817,153.43424884571635,8.52412493587313,0.02344134357365111
/home/karthikpk/project-workspace/workspace/target-repos/django/django/contrib/gis/db/backends/postgis/operations.py,check_geography,98,102,0,7,5,4,0,8,22.458839376460833,1.875,42.11032383086406,2.3394624350480036,0.007486279792153611
/home/karthikpk/project-workspace/workspace/target-repos/django/django/test/runner.py,_init_worker,399,437,0,8,21,27,1,15,53.77443751081735,2.5,134.43609377704337,7.468671876502409,0.017924812503605784
/home/karthikpk/project-workspace/workspace/target-repos/numpy/numpy/ma/core.py,nonzero,4978,5074,0,5,3,2,0,0,0,0,0,0.0,0.0
/home/karthikpk/project-workspace/workspace/target-repos/django/django/contrib/gis/db/backends/postgis/operations.py,geo_db_type,245,266,0,3,14,15,2,18,70.32403072095333,2.1818181818181817,153.43424884571635,8.52412493587313,0.02344134357365111
/home/karthikpk/project-workspace/workspace/target-repos/django/django/core/management/commands/dumpdata.py,handle,103,281,1,20,121,156,9,89,516.8545880631268,6.413043478260869,3314.6109451874436,184.14505251041354,0.17228486268770893
/home/karthikpk/project-workspace/workspace/target-repos/numpy/numpy/testing/tests/test_utils.py,test_closeness,397,412,0,2,7,7,7,0,0,0,0,0.0,0.0
/home/karthikpk/project-workspace/workspace/target-repos/django/django/forms/forms.py,is_valid,199,201,0,4,3,2,0,5,11.60964047443681,1.0,11.60964047443681,0.6449800263576005,0.0038698801581456034
/home/karthikpk/project-workspace/workspace/target-repos/django/django/db/backends/sqlite3/_functions.py,_sqlite_datetime_cast_time,171,175,0,2,5,5,0,3,4.754887502163469,0.5,2.3774437510817346,0.1320802083934297,0.0015849625007211565
/home/karthikpk/project-workspace/workspace/target-repos/numpy/tools/swig/test/testArray.py,testGetBad2,94,96,0,2,3,2,0,3,4.754887502163469,0.5,2.3774437510817346,0.1320802083934297,0.0015849625007211565
/home/karthikpk/project-workspace/workspace/target-repos/numpy/numpy/core/tests/test_regression.py,test_numeric_carray_compare,611,613,0,2,2,2,1,0,0,0,0,0.0,0.0
/home/karthikpk/project-workspace/workspace/target-repos/numpy/numpy/lib/tests/test_polynomial.py,test_roots,121,122,0,2,2,2,0,0,0,0,0,0.0,0.0
/home/karthikpk/project-workspace/workspace/target-repos/django/django/contrib/contenttypes/views.py,shortcut,9,88,1,19,50,55,15,32,142.7018117963935,3.088235294117647,440.69677172415646,24.483153984675358,0.04756727059879784
/home/karthikpk/project-workspace/workspace/target-repos/django/django/contrib/admin/utils.py,label_for_field,324,386,1,19,47,53,1,31,136.16184010614157,3.28125,446.78103784827704,24.821168769348724,0.04538728003538052
/home/karthikpk/project-workspace/workspace/target-repos/django/django/db/models/deletion.py,can_fast_delete,187,229,0,8,14,31,4,21,85.83671966625714,2.9166666666666665,250.3570990265833,13.908727723699073,0.02861223988875238
/home/karthikpk/project-workspace/workspace/target-repos/django/django/contrib/gis/geos/prototypes/io.py,trim,213,214,0,3,2,2,0,0,0,0,0,0.0,0.0
/home/karthikpk/project-workspace/workspace/target-repos/numpy/numpy/testing/tests/test_utils.py,test_array_vs_scalar_is_equal,214,219,0,2,5,4,0,0,0,0,0,0.0,0.0
/home/karthikpk/project-workspace/workspace/target-repos/numpy/numpy/lib/tests/test_histograms.py,test_arr_weights_mismatch,98,102,0,2,5,5,0,6,12.0,0.6666666666666666,8.0,0.4444444444444444,0.004
/home/karthikpk/project-workspace/workspace/target-repos/numpy/numpy/core/tests/test_regression.py,test_pickle_dtype,486,489,0,2,3,3,1,3,4.754887502163469,0.5,2.3774437510817346,0.1320802083934297,0.0015849625007211565
/home/karthikpk/project-workspace/workspace/target-repos/numpy/numpy/core/_internal.py,_prod,838,842,0,2,5,5,0,3,4.754887502163469,0.5,2.3774437510817346,0.1320802083934297,0.0015849625007211565
/home/karthikpk/project-workspace/workspace/target-repos/numpy/numpy/core/tests/test_multiarray.py,test_ragged_shape_object,1158,1170,0,2,10,10,1,6,13.931568569324174,0.5,6.965784284662087,0.3869880158145604,0.004643856189774725
/home/karthikpk/project-workspace/workspace/target-repos/numpy/numpy/lib/tests/test_io.py,roundtrip,192,204,0,3,12,12,1,3,4.754887502163469,0.5,2.3774437510817346,0.1320802083934297,0.0015849625007211565
/home/karthikpk/project-workspace/workspace/target-repos/numpy/numpy/lib/tests/test_format.py,test_large_file_support,903,925,0,4,17,17,6,9,25.26619429851844,1.2,30.319433158222125,1.6844129532345624,0.008422064766172813
/home/karthikpk/project-workspace/workspace/target-repos/numpy/numpy/f2py/capi_maps.py,routsign2map,589,667,1,26,60,74,0,66,355.89294990339823,2.972972972972973,1058.060121334427,58.78111785191262,0.11863098330113274
/home/karthikpk/project-workspace/workspace/target-repos/numpy/numpy/polynomial/laguerre.py,lagmul,442,505,0,5,25,24,1,60,291.47885970765435,6.204545454545454,1808.493834095219,100.47187967195661,0.09715961990255145
/home/karthikpk/project-workspace/workspace/target-repos/numpy/numpy/polynomial/_polybase.py,__init__,304,332,0,3,19,21,4,14,46.50699332842308,1.9285714285714286,89.6920585619588,4.982892142331044,0.01550233110947436
/home/karthikpk/project-workspace/workspace/target-repos/django/django/db/models/fields/related_descriptors.py,check_and_update_obj,756,765,0,1,4,10,0,5,11.60964047443681,1.0,11.60964047443681,0.6449800263576005,0.0038698801581456034
/home/karthikpk/project-workspace/workspace/target-repos/click/src/click/termui.py,_build_prompt,56,69,0,6,7,14,0,16,59.207035490257475,1.65,97.69160855892483,5.427311586606935,0.019735678496752493
/home/karthikpk/project-workspace/workspace/target-repos/django/django/views/generic/dates.py,get_make_object_list,451,456,0,3,3,2,0,0,0,0,0,0.0,0.0
/home/karthikpk/project-workspace/workspace/target-repos/numpy/numpy/core/tests/test_multiarray.py,test_pickle_empty,1806,1813,0,2,6,5,0,3,4.754887502163469,0.5,2.3774437510817346,0.1320802083934297,0.0015849625007211565
/home/karthikpk/project-workspace/workspace/target-repos/django/django/utils/encoding.py,filepath_to_uri,236,248,0,2,5,4,2,3,4.754887502163469,0.5,2.3774437510817346,0.1320802083934297,0.0015849625007211565
/home/karthikpk/project-workspace/workspace/target-repos/numpy/numpy/lib/arraysetops.py,in1d,525,758,1,27,80,93,29,137,853.3481605979356,14.210526315789474,12126.526492707506,673.695916261528,0.28444938686597854
/home/karthikpk/project-workspace/workspace/target-repos/django/django/db/migrations/operations/models.py,reduce,1104,1119,0,4,4,16,0,11,34.86917501586544,1.1428571428571428,39.85048573241764,2.2139158740232023,0.011623058338621813
/home/karthikpk/project-workspace/workspace/target-repos/numpy/numpy/lib/tests/test_mixins.py,_assert_equal_type_and_value,59,68,0,3,9,10,0,0,0,0,0,0.0,0.0
/home/karthikpk/project-workspace/workspace/target-repos/numpy/numpy/core/_dtype.py,_struct_dict_str,189,237,1,11,31,32,8,60,300.0,3.7037037037037037,1111.111111111111,61.72839506172839,0.1
/home/karthikpk/project-workspace/workspace/target-repos/django/django/contrib/postgres/operations.py,database_forwards,278,286,0,3,6,6,3,3,4.754887502163469,0.5,2.3774437510817346,0.1320802083934297,0.0015849625007211565
/home/karthikpk/project-workspace/workspace/target-repos/django/django/test/testcases.py,_post_teardown,436,438,0,4,3,2,0,0,0,0,0,0.0,0.0
/home/karthikpk/project-workspace/workspace/target-repos/numpy/numpy/polynomial/tests/test_polynomial.py,test_polygrid3d,286,298,0,3,9,9,2,6,15.509775004326936,1.0,15.509775004326936,0.861654166907052,0.005169925001442312
/home/karthikpk/project-workspace/workspace/target-repos/numpy/numpy/distutils/core.py,setup,108,170,1,16,45,47,7,32,140.55415752892034,4.2,590.3274616214654,32.79597009008141,0.04685138584297345
/home/karthikpk/project-workspace/workspace/target-repos/django/django/contrib/gis/geos/polygon.py,_get_single_external,145,148,0,3,2,4,0,0,0,0,0,0.0,0.0
/home/karthikpk/project-workspace/workspace/target-repos/numpy/benchmarks/benchmarks/bench_core.py,time_correlate,142,143,0,2,2,2,0,0,0,0,0,0.0,0.0
/home/karthikpk/project-workspace/workspace/target-repos/numpy/numpy/lib/tests/test_arraypad.py,test_pad_empty_dimension,1207,1210,0,3,4,4,0,3,4.754887502163469,0.5,2.3774437510817346,0.1320802083934297,0.0015849625007211565
/home/karthikpk/project-workspace/workspace/target-repos/numpy/numpy/distutils/command/build_src.py,generate_a_pyrex_source,458,464,0,9,3,2,0,0,0,0,0,0.0,0.0
/home/karthikpk/project-workspace/workspace/target-repos/flask/tests/test_reqctx.py,index,154,171,0,4,16,16,0,18,62.26976913547136,1.2222222222222223,76.10749561002055,4.228194200556697,0.020756589711823786
/home/karthikpk/project-workspace/workspace/target-repos/numpy/numpy/distutils/cpuinfo.py,_is_PentiumII,210,212,0,2,2,3,0,3,4.754887502163469,0.5,2.3774437510817346,0.1320802083934297,0.0015849625007211565
/home/karthikpk/project-workspace/workspace/target-repos/numpy/tools/npy_tempita/_looper.py,__iter__,40,41,0,2,2,2,0,0,0,0,0,0.0,0.0
/home/karthikpk/project-workspace/workspace/target-repos/django/django/core/cache/backends/redis.py,dumps,16,21,0,3,4,4,2,3,4.754887502163469,0.5,2.3774437510817346,0.1320802083934297,0.0015849625007211565
/home/karthikpk/project-workspace/workspace/target-repos/django/django/forms/boundfield.py,is_hidden,233,235,0,4,3,2,0,0,0,0,0,0.0,0.0
/home/karthikpk/project-workspace/workspace/target-repos/django/django/core/mail/backends/base.py,open,21,38,0,2,3,2,0,0,0,0,0,0.0,0.0
/home/karthikpk/project-workspace/workspace/target-repos/numpy/numpy/f2py/tests/test_return_real.py,check_function,10,46,1,22,32,32,2,107,603.8926123058955,5.77906976744186,3489.9375385584885,193.88541880880493,0.2012975374352985
/home/karthikpk/project-workspace/workspace/target-repos/numpy/numpy/core/function_base.py,_logspace_dispatcher,185,187,0,1,2,3,0,0,0,0,0,0.0,0.0
/home/karthikpk/project-workspace/workspace/target-repos/django/django/db/models/base.py,_has_contribute_to_class,87,89,0,2,2,2,1,5,11.60964047443681,1.0,11.60964047443681,0.6449800263576005,0.0038698801581456034
/home/karthikpk/project-workspace/workspace/target-repos/django/django/template/response.py,render,105,119,0,3,10,9,0,5,11.60964047443681,1.0,11.60964047443681,0.6449800263576005,0.0038698801581456034
/home/karthikpk/project-workspace/workspace/target-repos/numpy/numpy/ma/core.py,argmax,5638,5675,0,5,7,7,0,6,13.931568569324174,0.5,6.965784284662087,0.3869880158145604,0.004643856189774725
/home/karthikpk/project-workspace/workspace/target-repos/numpy/numpy/f2py/tests/util.py,setup_method,367,419,1,11,32,45,2,35,158.32466846199546,3.0555555555555554,483.76982030054165,26.87610112780787,0.05277488948733182
/home/karthikpk/project-workspace/workspace/target-repos/django/django/db/models/expressions.py,resolve_expression,1459,1471,0,3,7,13,0,0,0,0,0,0.0,0.0
/home/karthikpk/project-workspace/workspace/target-repos/numpy/numpy/distutils/cpuinfo.py,_is_IP22_5k,340,340,0,2,2,1,0,3,4.754887502163469,0.5,2.3774437510817346,0.1320802083934297,0.0015849625007211565
/home/karthikpk/project-workspace/workspace/target-repos/numpy/numpy/core/setup.py,generate_numpyconfig_h,549,614,1,11,41,44,9,17,60.94436251225966,1.1,67.03879876348563,3.724377709082535,0.020314787504086555
/home/karthikpk/project-workspace/workspace/target-repos/django/django/db/backends/base/base.py,allow_thread_sharing,630,632,0,2,3,3,0,3,4.754887502163469,0.5,2.3774437510817346,0.1320802083934297,0.0015849625007211565
/home/karthikpk/project-workspace/workspace/target-repos/numpy/numpy/core/tests/test_scalarmath.py,test_equal_nbytes,657,660,0,3,4,4,0,3,4.754887502163469,0.5,2.3774437510817346,0.1320802083934297,0.0015849625007211565
/home/karthikpk/project-workspace/workspace/target-repos/django/django/utils/translation/__init__.py,__init__,189,191,0,3,3,3,0,0,0,0,0,0.0,0.0
/home/karthikpk/project-workspace/workspace/target-repos/numpy/numpy/core/tests/test_ufunc.py,test_signature_dtype_type,477,481,0,2,3,3,2,0,0,0,0,0.0,0.0
/home/karthikpk/project-workspace/workspace/target-repos/django/django/db/backends/oracle/utils.py,get_value,38,39,0,2,2,2,0,0,0,0,0,0.0,0.0
/home/karthikpk/project-workspace/workspace/target-repos/django/django/views/generic/dates.py,_get_next_month,105,117,0,3,9,8,0,9,23.264662506490403,1.5,34.89699375973561,1.938721875540867,0.007754887502163467
/home/karthikpk/project-workspace/workspace/target-repos/click/src/click/core.py,sort_key,123,129,0,1,7,6,0,2,2.0,0.5,1.0,0.05555555555555555,0.0006666666666666666
/home/karthikpk/project-workspace/workspace/target-repos/django/django/db/backends/mysql/operations.py,format_for_duration_arithmetic,158,159,0,4,2,2,0,3,4.754887502163469,0.5,2.3774437510817346,0.1320802083934297,0.0015849625007211565
/home/karthikpk/project-workspace/workspace/target-repos/numpy/tools/npy_tempita/__init__.py,__call__,612,613,0,2,2,2,0,0,0,0,0,0.0,0.0
/home/karthikpk/project-workspace/workspace/target-repos/numpy/benchmarks/benchmarks/bench_shape_base.py,time_3d,129,133,0,5,5,5,1,3,4.754887502163469,0.5,2.3774437510817346,0.1320802083934297,0.0015849625007211565
/home/karthikpk/project-workspace/workspace/target-repos/numpy/numpy/lib/function_base.py,interp,1462,1599,0,7,32,29,1,34,149.33879237447786,6.769230769230769,1010.908748381081,56.161597132282274,0.04977959745815929
/home/karthikpk/project-workspace/workspace/target-repos/numpy/runtests.py,build_project,407,558,1,28,100,116,14,107,644.3933559940447,6.363636363636363,4100.684992689375,227.81583292718747,0.21479778533134822
/home/karthikpk/project-workspace/workspace/target-repos/django/django/db/backends/sqlite3/operations.py,_quote_params_for_last_executed_query,142,167,0,3,16,14,8,15,53.77443751081735,1.6666666666666667,89.62406251802892,4.9791145843349405,0.017924812503605784
/home/karthikpk/project-workspace/workspace/target-repos/django/django/db/models/fields/__init__.py,__init__,2147,2164,0,3,7,18,0,0,0,0,0,0.0,0.0
/home/karthikpk/project-workspace/workspace/target-repos/django/django/contrib/auth/tokens.py,_now,127,129,0,3,2,2,1,0,0,0,0,0.0,0.0
/home/karthikpk/project-workspace/workspace/target-repos/django/django/db/models/fields/related_descriptors.py,RelatedObjectDoesNotExist,407,421,0,4,3,13,2,3,4.754887502163469,0.5,2.3774437510817346,0.1320802083934297,0.0015849625007211565
/home/karthikpk/project-workspace/workspace/target-repos/numpy/numpy/core/tests/test_mem_overlap.py,test_diophantine_fuzz,82,139,1,15,35,37,8,90,499.9129966509874,11.279411764705882,5638.72453575452,313.2624742085844,0.16663766555032913
/home/karthikpk/project-workspace/workspace/target-repos/click/src/click/utils.py,make_default_short_help,56,103,1,12,33,28,9,66,335.7725475225224,7.74,2598.8795178243236,144.38219543468463,0.11192418250750748
/home/karthikpk/project-workspace/workspace/target-repos/django/django/views/debug.py,get_safe_settings,146,155,0,6,7,6,0,0,0,0,0,0.0,0.0
/home/karthikpk/project-workspace/workspace/target-repos/django/django/template/base.py,tokenize,353,365,0,4,11,10,0,5,11.60964047443681,1.0,11.60964047443681,0.6449800263576005,0.0038698801581456034
/home/karthikpk/project-workspace/workspace/target-repos/django/django/core/serializers/__init__.py,get_serializer,100,105,0,3,6,6,0,5,10.0,1.5,15.0,0.8333333333333334,0.0033333333333333335
/home/karthikpk/project-workspace/workspace/target-repos/django/django/core/management/commands/loaddata.py,compression_formats,112,127,0,6,10,13,2,0,0,0,0,0.0,0.0
/home/karthikpk/project-workspace/workspace/target-repos/numpy/numpy/random/tests/test_random.py,test_standard_normal,936,942,0,2,5,7,0,2,2.0,0.5,1.0,0.05555555555555555,0.0006666666666666666
/home/karthikpk/project-workspace/workspace/target-repos/numpy/benchmarks/benchmarks/bench_manipulate.py,time_flip_all,91,92,0,2,2,2,0,0,0,0,0,0.0,0.0
/home/karthikpk/project-workspace/workspace/target-repos/django/django/contrib/postgres/fields/array.py,get_db_prep_value,126,132,0,3,4,7,0,0,0,0,0,0.0,0.0
/home/karthikpk/project-workspace/workspace/target-repos/django/django/contrib/gis/gdal/prototypes/errcheck.py,arg_byref,13,15,0,1,3,2,0,0,0,0,0,0.0,0.0
/home/karthikpk/project-workspace/workspace/target-repos/numpy/numpy/ma/tests/test_core.py,testkeepdims,5248,5262,0,4,9,11,2,8,8.0,2.0,16.0,0.8888888888888888,0.0026666666666666666
/home/karthikpk/project-workspace/workspace/target-repos/click/src/click/core.py,exit,690,692,0,3,3,2,0,0,0,0,0,0.0,0.0
/home/karthikpk/project-workspace/workspace/target-repos/flask/tests/test_config.py,test_custom_config_class,198,208,0,2,9,9,0,0,0,0,0,0.0,0.0
/home/karthikpk/project-workspace/workspace/target-repos/numpy/numpy/core/tests/test_shape_base.py,test_empty_input,130,131,0,2,2,2,0,0,0,0,0,0.0,0.0
/home/karthikpk/project-workspace/workspace/target-repos/numpy/numpy/f2py/diagnose.py,run,13,152,1,26,125,134,0,43,204.46016259302917,2.5217391304347827,515.5951926258997,28.644177368105538,0.06815338753100972
/home/karthikpk/project-workspace/workspace/target-repos/django/django/utils/asyncio.py,__init__,57,58,0,2,2,2,0,0,0,0,0,0.0,0.0
/home/karthikpk/project-workspace/workspace/target-repos/django/django/contrib/gis/db/backends/utils.py,default_template,19,23,0,3,5,5,0,0,0,0,0,0.0,0.0
/home/karthikpk/project-workspace/workspace/target-repos/django/django/db/models/fields/related.py,contribute_to_related_class,1137,1140,0,3,4,4,0,3,4.754887502163469,0.5,2.3774437510817346,0.1320802083934297,0.0015849625007211565
/home/karthikpk/project-workspace/workspace/target-repos/django/django/contrib/contenttypes/models.py,get_by_natural_key,18,24,0,3,7,7,0,0,0,0,0,0.0,0.0
/home/karthikpk/project-workspace/workspace/target-repos/numpy/numpy/lib/utils.py,lookfor,755,876,1,14,51,51,15,74,411.03957502414517,5.447368421052632,2239.0840007894226,124.39355559941237,0.13701319167471507
/home/karthikpk/project-workspace/workspace/target-repos/requests/requests/models.py,prepare_method,394,398,0,5,5,4,0,3,4.754887502163469,0.5,2.3774437510817346,0.1320802083934297,0.0015849625007211565
/home/karthikpk/project-workspace/workspace/target-repos/numpy/tools/swig/test/testMatrix.py,testLUSplit,230,236,0,2,7,6,0,9,27.0,1.0,27.0,1.5,0.009
/home/karthikpk/project-workspace/workspace/target-repos/django/django/db/models/base.py,full_clean,1457,1502,0,9,33,32,4,21,75.28421251514429,3.5,263.494743803005,14.638596877944723,0.025094737505048096
/home/karthikpk/project-workspace/workspace/target-repos/click/src/click/formatting.py,write_heading,185,187,0,3,3,2,0,0,0,0,0,0.0,0.0
/home/karthikpk/project-workspace/workspace/target-repos/requests/tests/test_testserver.py,test_request_recovery,95,115,0,3,16,15,1,6,13.931568569324174,0.5,6.965784284662087,0.3869880158145604,0.004643856189774725
/home/karthikpk/project-workspace/workspace/target-repos/numpy/tools/swig/test/testSuperTensor.py,testCeil,207,215,0,2,9,8,0,15,49.82892142331044,2.142857142857143,106.77626019280808,5.932014455156004,0.016609640474436815
/home/karthikpk/project-workspace/workspace/target-repos/django/django/template/smartif.py,display,131,132,0,2,2,2,0,0,0,0,0,0.0,0.0
/home/karthikpk/project-workspace/workspace/target-repos/numpy/numpy/core/einsumfunc.py,_can_dot,413,520,1,16,33,32,18,76,412.39612135735945,6.485294117647059,2674.5101399793457,148.5838966655192,0.1374653737857865
/home/karthikpk/project-workspace/workspace/target-repos/django/django/contrib/sites/models.py,clear_site_cache,103,116,0,3,12,11,0,0,0,0,0,0.0,0.0
/home/karthikpk/project-workspace/workspace/target-repos/django/django/utils/regex_helper.py,flatten_result,288,339,1,16,51,47,0,27,110.36149671375918,1.9285714285714286,212.84002937653557,11.824446076474198,0.03678716557125306
/home/karthikpk/project-workspace/workspace/target-repos/numpy/numpy/core/tests/test_multiarray.py,test_arr_mult,3139,3214,0,3,43,67,4,30,95.09775004326937,2.4285714285714284,230.9516786765113,12.830648815361739,0.03169925001442312
/home/karthikpk/project-workspace/workspace/target-repos/numpy/numpy/core/tests/test_dlpack.py,test_higher_dims,86,90,0,2,4,4,0,6,13.931568569324174,1.3333333333333333,18.575424759098897,1.0319680421721609,0.004643856189774725
/home/karthikpk/project-workspace/workspace/target-repos/django/django/test/testcases.py,get_memo,1390,1396,0,2,7,7,0,0,0,0,0,0.0,0.0
/home/karthikpk/project-workspace/workspace/target-repos/django/django/http/multipartparser.py,__next__,546,554,0,3,9,9,0,0,0,0,0,0.0,0.0
/home/karthikpk/project-workspace/workspace/target-repos/numpy/numpy/core/tests/test_multiarray.py,test_string_with_ws,5599,5601,0,2,2,3,0,0,0,0,0,0.0,0.0
/home/karthikpk/project-workspace/workspace/target-repos/django/tests/runtests.py,setup_run_tests,293,323,0,5,18,22,3,9,28.529325012980813,1.5,42.793987519471216,2.377443751081734,0.009509775004326938
/home/karthikpk/project-workspace/workspace/target-repos/numpy/numpy/core/tests/test_umath_complex.py,test_zero,482,505,0,2,13,13,6,26,67.20902501875005,3.75,252.0338438203127,14.001880212239595,0.022403008339583353
/home/karthikpk/project-workspace/workspace/target-repos/flask/src/flask/app.py,decorator,1160,1162,0,4,3,3,0,0,0,0,0,0.0,0.0
/home/karthikpk/project-workspace/workspace/target-repos/numpy/numpy/f2py/capi_maps.py,sign2map,483,586,1,30,80,94,2,68,381.8002693998342,3.75,1431.7510102493782,79.54172279163213,0.1272667564666114
/home/karthikpk/project-workspace/workspace/target-repos/numpy/benchmarks/benchmarks/bench_app.py,setup,10,46,0,2,35,31,0,71,337.5970126536063,3.652173913043478,1232.96300273491,68.49794459638389,0.11253233755120211
/home/karthikpk/project-workspace/workspace/target-repos/numpy/numpy/lib/tests/test_recfunctions.py,test_matching_named_fields,694,720,0,2,12,25,1,30,30.0,7.5,225.0,12.5,0.01
/home/karthikpk/project-workspace/workspace/target-repos/flask/tests/test_instance_config.py,test_uninstalled_module_paths,16,27,0,2,5,10,0,9,25.26619429851844,1.2,30.319433158222125,1.6844129532345624,0.008422064766172813
/home/karthikpk/project-workspace/workspace/target-repos/numpy/numpy/matrixlib/tests/test_interaction.py,test_matrix,293,306,0,2,11,10,0,0,0,0,0,0.0,0.0
/home/karthikpk/project-workspace/workspace/target-repos/numpy/tools/swig/test/testVector.py,testLengthBadList,31,35,0,2,5,4,0,3,4.754887502163469,0.5,2.3774437510817346,0.1320802083934297,0.0015849625007211565
/home/karthikpk/project-workspace/workspace/target-repos/django/django/utils/encoding.py,punycode,211,213,0,1,3,2,0,0,0,0,0,0.0,0.0
/home/karthikpk/project-workspace/workspace/target-repos/django/django/db/migrations/operations/models.py,state_forwards,432,433,0,3,2,2,0,0,0,0,0,0.0,0.0
/home/karthikpk/project-workspace/workspace/target-repos/django/django/core/management/base.py,check_migrations,566,597,0,7,13,25,1,3,4.754887502163469,0.5,2.3774437510817346,0.1320802083934297,0.0015849625007211565
/home/karthikpk/project-workspace/workspace/target-repos/click/src/click/termui.py,getchar,717,744,0,2,7,6,0,3,4.754887502163469,0.5,2.3774437510817346,0.1320802083934297,0.0015849625007211565
/home/karthikpk/project-workspace/workspace/target-repos/django/django/db/migrations/operations/models.py,__init__,412,415,0,3,4,4,0,0,0,0,0,0.0,0.0
/home/karthikpk/project-workspace/workspace/target-repos/numpy/numpy/core/tests/test_umath.py,test_zero_positive,2186,2189,0,2,3,3,1,0,0,0,0,0.0,0.0
/home/karthikpk/project-workspace/workspace/target-repos/django/django/db/backends/oracle/operations.py,convert_booleanfield_value,245,248,0,4,4,4,0,3,4.754887502163469,0.5,2.3774437510817346,0.1320802083934297,0.0015849625007211565
/home/karthikpk/project-workspace/workspace/target-repos/numpy/numpy/core/tests/test_indexerrors.py,test_take_from_object,18,29,0,2,9,9,2,0,0,0,0,0.0,0.0
/home/karthikpk/project-workspace/workspace/target-repos/django/django/contrib/admin/sites.py,get_app_list,531,545,0,4,9,6,2,0,0,0,0,0.0,0.0
/home/karthikpk/project-workspace/workspace/target-repos/numpy/numpy/lib/polynomial.py,polyfit,454,698,1,19,57,54,11,101,586.542847127818,11.166666666666666,6549.728459593968,363.873803310776,0.19551428237593935
/home/karthikpk/project-workspace/workspace/target-repos/django/django/views/i18n.py,render_to_response,344,345,0,2,2,2,0,0,0,0,0,0.0,0.0
/home/karthikpk/project-workspace/workspace/target-repos/numpy/numpy/core/tests/test_dtype.py,test_shape_invalid,672,684,0,2,9,9,4,18,54.0,3.3,178.2,9.899999999999999,0.018
/home/karthikpk/project-workspace/workspace/target-repos/numpy/numpy/matrixlib/defmatrix.py,_convert_from_string,15,34,0,6,19,19,0,9,27.0,1.8,48.6,2.7,0.009
/home/karthikpk/project-workspace/workspace/target-repos/numpy/numpy/core/tests/test_mem_overlap.py,iter_random_view_pairs,234,319,1,20,62,67,4,82,444.95370988557204,8.030303030303031,3573.113124838685,198.50628471326027,0.14831790329519068
/home/karthikpk/project-workspace/workspace/target-repos/numpy/numpy/f2py/symbolic.py,as_gt,1051,1052,0,1,2,2,0,0,0,0,0,0.0,0.0
/home/karthikpk/project-workspace/workspace/target-repos/numpy/numpy/core/tests/test_longdouble.py,test_fromstring,84,89,0,1,5,6,0,15,53.77443751081735,1.6666666666666667,89.62406251802892,4.9791145843349405,0.017924812503605784
/home/karthikpk/project-workspace/workspace/target-repos/numpy/numpy/core/tests/test_regression.py,test_nonzero_byteswap,1665,1670,0,2,6,6,0,0,0,0,0,0.0,0.0
/home/karthikpk/project-workspace/workspace/target-repos/numpy/tools/swig/test/testVector.py,__init__,308,311,0,2,4,4,0,0,0,0,0,0.0,0.0
/home/karthikpk/project-workspace/workspace/target-repos/numpy/numpy/ma/core.py,__iter__,2646,2647,0,4,2,2,0,0,0,0,0,0.0,0.0
/home/karthikpk/project-workspace/workspace/target-repos/numpy/numpy/core/tests/test_scalarmath.py,test_modular_power,270,279,0,5,8,8,3,0,0,0,0,0.0,0.0
/home/karthikpk/project-workspace/workspace/target-repos/numpy/numpy/f2py/rules.py,buildmodule,1241,1442,1,51,178,182,12,174,1129.5824387613634,9.707792207792208,10965.751597066483,609.2084220592491,0.3765274795871211
/home/karthikpk/project-workspace/workspace/target-repos/django/django/forms/models.py,save_new_objects,935,947,0,5,11,11,2,7,18.094737505048094,1.0,18.094737505048094,1.0052631947248942,0.006031579168349364
/home/karthikpk/project-workspace/workspace/target-repos/numpy/numpy/core/tests/test_datetime.py,test_days_to_pydate,643,663,0,2,11,21,0,0,0,0,0,0.0,0.0
/home/karthikpk/project-workspace/workspace/target-repos/numpy/numpy/array_api/linalg.py,eigh,106,119,0,2,5,4,4,3,4.754887502163469,0.5,2.3774437510817346,0.1320802083934297,0.0015849625007211565
/home/karthikpk/project-workspace/workspace/target-repos/numpy/numpy/core/tests/test_numeric.py,test_clip_with_out_array_int32,2227,2236,0,2,9,9,1,0,0,0,0,0.0,0.0
/home/karthikpk/project-workspace/workspace/target-repos/numpy/numpy/core/tests/test_regression.py,test_mem_float_imag,599,601,0,2,2,2,1,0,0,0,0,0.0,0.0
/home/karthikpk/project-workspace/workspace/target-repos/numpy/numpy/core/tests/test_umath.py,_test_nextafter,4434,4443,0,1,10,10,0,15,51.89147427955947,1.875,97.296514274174,5.405361904120777,0.01729715809318649
/home/karthikpk/project-workspace/workspace/target-repos/django/django/core/management/commands/squashmigrations.py,handle,62,253,1,14,103,163,16,88,499.1734300934917,5.395348837209302,2693.2147856206993,149.6230436455944,0.16639114336449723
/home/karthikpk/project-workspace/workspace/target-repos/django/django/contrib/admin/options.py,get_ul_class,86,87,0,2,2,2,0,3,4.754887502163469,0.5,2.3774437510817346,0.1320802083934297,0.0015849625007211565
/home/karthikpk/project-workspace/workspace/target-repos/django/django/core/management/commands/compilemessages.py,handle,72,140,1,12,42,55,4,20,83.39850002884624,3.25,271.0451250937503,15.05806250520835,0.027799500009615414
/home/karthikpk/project-workspace/workspace/target-repos/numpy/numpy/lib/tests/test_format.py,test_python2_python3_interoperability,532,537,0,1,6,6,0,0,0,0,0,0.0,0.0
/home/karthikpk/project-workspace/workspace/target-repos/numpy/numpy/testing/overrides.py,allows_array_ufunc_override,27,47,0,1,3,2,0,0,0,0,0,0.0,0.0
/home/karthikpk/project-workspace/workspace/target-repos/numpy/numpy/lib/tests/test_arraypad.py,test_check_constant,499,521,0,2,5,21,0,0,0,0,0,0.0,0.0
/home/karthikpk/project-workspace/workspace/target-repos/django/django/contrib/gis/serializers/geojson.py,handle_field,72,76,0,4,5,5,0,3,4.754887502163469,0.5,2.3774437510817346,0.1320802083934297,0.0015849625007211565
/home/karthikpk/project-workspace/workspace/target-repos/numpy/tools/swig/test/testVector.py,testLengthNonContainer,52,56,0,2,5,4,0,3,4.754887502163469,0.5,2.3774437510817346,0.1320802083934297,0.0015849625007211565
/home/karthikpk/project-workspace/workspace/target-repos/numpy/numpy/core/tests/test_numeric.py,test_mean,130,139,0,2,9,9,0,12,39.863137138648355,1.0,39.863137138648355,2.2146187299249087,0.013287712379549451
/home/karthikpk/project-workspace/workspace/target-repos/numpy/numpy/distutils/ccompiler_opt.py,conf_features_partial,330,569,1,15,32,224,9,28,112.0,1.3571428571428572,152.0,8.444444444444445,0.037333333333333336
/home/karthikpk/project-workspace/workspace/target-repos/numpy/numpy/distutils/ccompiler.py,CCompiler_customize,479,558,1,15,39,41,6,44,225.68845274557853,3.625,818.1206412027221,45.45114673348456,0.07522948424852617
/home/karthikpk/project-workspace/workspace/target-repos/numpy/numpy/core/__init__.py,_ufunc_reduce,129,135,0,1,2,2,5,0,0,0,0,0.0,0.0
/home/karthikpk/project-workspace/workspace/target-repos/numpy/numpy/core/tests/test_scalarmath.py,overflow_error_func,503,504,0,3,2,2,0,3,4.754887502163469,0.5,2.3774437510817346,0.1320802083934297,0.0015849625007211565
/home/karthikpk/project-workspace/workspace/target-repos/django/django/db/backends/mysql/features.py,can_rename_index,346,349,0,3,4,4,0,3,4.754887502163469,0.5,2.3774437510817346,0.1320802083934297,0.0015849625007211565
/home/karthikpk/project-workspace/workspace/target-repos/requests/requests/cookies.py,__init__,110,115,0,2,3,2,0,0,0,0,0,0.0,0.0
/home/karthikpk/project-workspace/workspace/target-repos/numpy/numpy/testing/_private/utils.py,_gen_alignment_data,1827,1893,0,5,46,43,0,149,731.1266987456693,9.4,6872.5909682092915,381.81060934496065,0.24370889958188977
/home/karthikpk/project-workspace/workspace/target-repos/django/django/contrib/auth/checks.py,check_models_permissions,107,220,1,15,32,106,5,51,255.0,3.1481481481481484,802.7777777777778,44.598765432098766,0.085
/home/karthikpk/project-workspace/workspace/target-repos/numpy/numpy/core/tests/test_regression.py,test_structured_arrays_with_objects1,1459,1465,0,2,7,6,1,3,4.754887502163469,0.5,2.3774437510817346,0.1320802083934297,0.0015849625007211565
/home/karthikpk/project-workspace/workspace/target-repos/numpy/numpy/ma/tests/test_core.py,test_flatten_mask,4845,4861,0,2,13,13,3,0,0,0,0,0.0,0.0
/home/karthikpk/project-workspace/workspace/target-repos/numpy/numpy/linalg/tests/test_linalg.py,test_0_size,895,912,0,2,17,17,0,18,41.79470570797252,1.5,62.692058561958774,3.482892142331043,0.013931568569324173
/home/karthikpk/project-workspace/workspace/target-repos/numpy/numpy/f2py/f2py2e.py,callcrackfortran,335,368,1,12,35,34,0,32,142.7018117963935,3.088235294117647,440.69677172415646,24.483153984675358,0.04756727059879784
/home/karthikpk/project-workspace/workspace/target-repos/django/django/template/context.py,setdefault,98,103,0,2,6,6,0,0,0,0,0,0.0,0.0
/home/karthikpk/project-workspace/workspace/target-repos/numpy/numpy/ma/tests/test_core.py,test_cumsumprod,3894,3905,0,2,10,10,1,0,0,0,0,0.0,0.0
/home/karthikpk/project-workspace/workspace/target-repos/numpy/numpy/core/tests/test_regression.py,test_random_shuffle,684,689,0,2,5,5,1,0,0,0,0,0.0,0.0
/home/karthikpk/project-workspace/workspace/target-repos/numpy/tools/swig/test/testMatrix.py,testDet,24,29,0,2,6,5,0,3,4.754887502163469,0.5,2.3774437510817346,0.1320802083934297,0.0015849625007211565
/home/karthikpk/project-workspace/workspace/target-repos/numpy/numpy/core/tests/test_umath.py,__floor__,4066,4067,0,2,2,2,0,0,0,0,0,0.0,0.0
/home/karthikpk/project-workspace/workspace/target-repos/django/django/utils/datastructures.py,__init__,267,270,0,3,4,4,0,0,0,0,0,0.0,0.0
/home/karthikpk/project-workspace/workspace/target-repos/numpy/numpy/core/tests/test_deprecations.py,test_insufficient_width_negative,197,203,0,2,6,6,0,2,2.0,0.5,1.0,0.05555555555555555,0.0006666666666666666
/home/karthikpk/project-workspace/workspace/target-repos/numpy/numpy/lib/format.py,read_array,738,841,1,11,40,43,17,31,147.40151256706756,6.875,1013.3853988985894,56.29918882769941,0.04913383752235585
/home/karthikpk/project-workspace/workspace/target-repos/click/tests/test_testing.py,test_isolated_runner,396,400,0,3,4,4,0,2,2.0,0.5,1.0,0.05555555555555555,0.0006666666666666666
/home/karthikpk/project-workspace/workspace/target-repos/numpy/numpy/core/tests/test_multiarray.py,test_mean_axis_error,6237,6241,0,3,3,3,2,0,0,0,0,0.0,0.0
/home/karthikpk/project-workspace/workspace/target-repos/numpy/numpy/core/tests/test_multiarray.py,test_non_sequence_sequence,1039,1065,0,2,16,15,0,6,13.931568569324174,0.5,6.965784284662087,0.3869880158145604,0.004643856189774725
/home/karthikpk/project-workspace/workspace/target-repos/numpy/numpy/f2py/capi_maps.py,getinit,434,466,1,12,32,32,0,32,146.71880002307702,3.3333333333333335,489.0626667435901,27.170148152421675,0.04890626667435901
/home/karthikpk/project-workspace/workspace/target-repos/django/tests/runtests.py,get_filtered_test_modules,151,186,0,14,23,26,7,32,146.71880002307702,4.117647058823529,604.1362353891407,33.56312418828559,0.04890626667435901
/home/karthikpk/project-workspace/workspace/target-repos/numpy/numpy/polynomial/tests/test_chebyshev.py,test_cheb2poly,577,579,0,2,3,3,0,6,15.509775004326936,1.0,15.509775004326936,0.861654166907052,0.005169925001442312
/home/karthikpk/project-workspace/workspace/target-repos/numpy/numpy/lib/function_base.py,cov,2531,2749,1,31,77,85,4,129,731.742869114323,13.076923076923077,9568.945211494993,531.6080673052774,0.24391428970477433
/home/karthikpk/project-workspace/workspace/target-repos/numpy/numpy/core/_internal.py,_commastring,157,203,1,11,37,43,1,38,176.46653521143952,4.861111111111111,857.8234350556087,47.65685750308937,0.05882217840381317
/home/karthikpk/project-workspace/workspace/target-repos/numpy/numpy/core/tests/test_shape_base.py,test_2D_array,147,152,0,2,6,6,0,0,0,0,0,0.0,0.0
/home/karthikpk/project-workspace/workspace/target-repos/numpy/numpy/distutils/fcompiler/gnu.py,get_libgcc_dir,144,153,0,6,9,10,0,3,4.754887502163469,0.5,2.3774437510817346,0.1320802083934297,0.0015849625007211565
/home/karthikpk/project-workspace/workspace/target-repos/django/django/db/models/fields/related_descriptors.py,_remove_prefetched_objects,705,711,0,1,5,7,0,0,0,0,0,0.0,0.0
/home/karthikpk/project-workspace/workspace/target-repos/numpy/benchmarks/benchmarks/bench_ufunc.py,setup,249,253,0,3,4,5,0,3,4.754887502163469,0.5,2.3774437510817346,0.1320802083934297,0.0015849625007211565
/home/karthikpk/project-workspace/workspace/target-repos/numpy/numpy/core/tests/test_umath.py,test_fast_power,1178,1189,0,3,9,9,2,14,44.37895002019238,2.25,99.85263754543286,5.547368752524047,0.014792983340064125
/home/karthikpk/project-workspace/workspace/target-repos/requests/tests/test_testserver.py,test_requests_after_timeout_are_not_received,117,128,0,3,10,9,0,3,4.754887502163469,0.5,2.3774437510817346,0.1320802083934297,0.0015849625007211565
/home/karthikpk/project-workspace/workspace/target-repos/click/src/click/_compat.py,__enter__,475,476,0,2,2,2,0,0,0,0,0,0.0,0.0
/home/karthikpk/project-workspace/workspace/target-repos/numpy/numpy/core/tests/test_multiarray.py,test_string,8937,8948,0,2,9,9,2,6,12.0,0.6666666666666666,8.0,0.4444444444444444,0.004
/home/karthikpk/project-workspace/workspace/target-repos/numpy/numpy/core/tests/test_multiarray.py,test_subclass_subclass,9099,9105,0,3,7,7,0,0,0,0,0,0.0,0.0
/home/karthikpk/project-workspace/workspace/target-repos/numpy/numpy/core/tests/test_scalar_methods.py,test_special,113,116,0,4,4,4,0,2,2.0,0.5,1.0,0.05555555555555555,0.0006666666666666666
/home/karthikpk/project-workspace/workspace/target-repos/django/django/db/backends/base/creation.py,_get_database_display_str,166,173,0,3,3,5,0,9,27.0,1.0,27.0,1.5,0.009
/home/karthikpk/project-workspace/workspace/target-repos/django/django/db/backends/mysql/features.py,ignores_table_name_case,306,307,0,3,2,2,0,0,0,0,0,0.0,0.0
/home/karthikpk/project-workspace/workspace/target-repos/numpy/tools/refguide_check.py,check_rest,521,592,1,11,41,45,1,36,173.06477719407374,2.0,346.1295543881475,19.229419688230415,0.057688259064691244
/home/karthikpk/project-workspace/workspace/target-repos/numpy/numpy/distutils/cpuinfo.py,_is_ultraenterprice,456,457,0,2,2,2,0,3,4.754887502163469,0.5,2.3774437510817346,0.1320802083934297,0.0015849625007211565
/home/karthikpk/project-workspace/workspace/target-repos/click/tests/test_utils.py,test_prompts,113,150,1,13,31,31,0,30,99.65784284662088,2.25,224.23014640489697,12.45723035582761,0.03321928094887363
/home/karthikpk/project-workspace/workspace/target-repos/numpy/numpy/random/tests/test_random.py,test_exponential,1122,1133,0,2,9,11,0,8,20.67970000576925,1.25,25.84962500721156,1.43609027817842,0.006893233335256416
/home/karthikpk/project-workspace/workspace/target-repos/requests/tests/test_requests.py,test_contains,2278,2285,0,4,8,8,0,15,45.0,1.6666666666666667,75.0,4.166666666666667,0.015
/home/karthikpk/project-workspace/workspace/target-repos/django/django/utils/asyncio.py,async_unsafe,8,39,0,2,20,22,3,2,2.0,0.5,1.0,0.05555555555555555,0.0006666666666666666
/home/karthikpk/project-workspace/workspace/target-repos/numpy/numpy/distutils/from_template.py,expand_sub,130,188,1,11,49,51,5,52,264.5480677450177,5.230769230769231,1383.7898928200925,76.87721626778291,0.08818268924833923
/home/karthikpk/project-workspace/workspace/target-repos/numpy/benchmarks/benchmarks/bench_random.py,time_rng,23,24,0,3,2,2,0,0,0,0,0,0.0,0.0
/home/karthikpk/project-workspace/workspace/target-repos/numpy/numpy/f2py/symbolic.py,as_le,1047,1048,0,1,2,2,0,0,0,0,0,0.0,0.0
/home/karthikpk/project-workspace/workspace/target-repos/django/django/db/models/fields/mixins.py,delete_cached_value,27,28,0,2,2,2,0,0,0,0,0,0.0,0.0
/home/karthikpk/project-workspace/workspace/target-repos/numpy/numpy/core/fromnumeric.py,all,2422,2505,0,1,3,3,0,0,0,0,0,0.0,0.0
/home/karthikpk/project-workspace/workspace/target-repos/django/django/db/models/fields/__init__.py,to_python,2066,2076,0,4,8,11,0,3,4.754887502163469,0.5,2.3774437510817346,0.1320802083934297,0.0015849625007211565
/home/karthikpk/project-workspace/workspace/target-repos/numpy/numpy/core/tests/test_regression.py,test_tobytes_FORTRANORDER_discontiguous,299,303,0,2,4,3,2,0,0,0,0,0.0,0.0
/home/karthikpk/project-workspace/workspace/target-repos/click/tests/test_parser.py,test_parser_default_prefixes,22,24,0,2,3,3,0,3,4.754887502163469,0.5,2.3774437510817346,0.1320802083934297,0.0015849625007211565
/home/karthikpk/project-workspace/workspace/target-repos/numpy/numpy/core/tests/test_deprecations.py,test_not_deprecated,529,538,0,2,5,8,1,0,0,0,0,0.0,0.0
/home/karthikpk/project-workspace/workspace/target-repos/django/django/db/migrations/questioner.py,ask_not_null_addition,57,60,0,3,3,2,1,0,0,0,0,0.0,0.0
/home/karthikpk/project-workspace/workspace/target-repos/numpy/numpy/testing/_private/extbuild.py,_c_compile,181,209,0,10,21,27,2,45,200.67442283867837,3.3333333333333335,668.9147427955946,37.16193015531081,0.06689147427955945
/home/karthikpk/project-workspace/workspace/target-repos/numpy/numpy/ma/tests/test_subclassing.py,__array_finalize__,31,34,0,2,4,4,0,0,0,0,0,0.0,0.0
/home/karthikpk/project-workspace/workspace/target-repos/numpy/numpy/polynomial/tests/test_laguerre.py,test_lagder,307,330,0,6,17,17,4,20,76.14709844115208,1.7727272727272727,134.9880381456787,7.499335452537705,0.025382366147050694
/home/karthikpk/project-workspace/workspace/target-repos/requests/tests/test_utils.py,test_set_environ,909,915,0,3,6,5,0,6,13.931568569324174,0.5,6.965784284662087,0.3869880158145604,0.004643856189774725
/home/karthikpk/project-workspace/workspace/target-repos/numpy/numpy/core/numerictypes.py,_can_coerce_all,574,587,0,7,14,14,0,18,64.52932501298082,3.0,193.58797503894246,10.75488750216347,0.02150977500432694
/home/karthikpk/project-workspace/workspace/target-repos/numpy/numpy/lib/tests/test__iotools.py,test_tab_delimiter,33,40,0,2,8,7,0,0,0,0,0,0.0,0.0
/home/karthikpk/project-workspace/workspace/target-repos/django/django/db/migrations/operations/models.py,state_forwards,601,604,0,2,3,4,0,0,0,0,0,0.0,0.0
/home/karthikpk/project-workspace/workspace/target-repos/numpy/numpy/core/tests/test_umath.py,test_nan_any,2226,2230,0,2,4,4,1,0,0,0,0,0.0,0.0
/home/karthikpk/project-workspace/workspace/target-repos/flask/tests/test_basic.py,test_trap_bad_request_key_error,1002,1030,0,8,24,24,0,12,38.03910001730775,2.0,76.0782000346155,4.226566668589751,0.012679700005769252
/home/karthikpk/project-workspace/workspace/target-repos/numpy/numpy/f2py/func2subr.py,var2fixfortran,22,68,1,16,46,46,0,84,481.14531818330875,3.574468085106383,1719.838584144593,95.54658800803294,0.16038177272776957
/home/karthikpk/project-workspace/workspace/target-repos/numpy/numpy/core/einsumfunc.py,einsum_path,707,998,1,38,117,126,23,198,1355.4070300869864,11.448979591836734,15518.027426097946,862.1126347832192,0.45180234336232883
/home/karthikpk/project-workspace/workspace/target-repos/numpy/numpy/f2py/crackfortran.py,crack2fortrangen,3270,3342,1,31,67,72,0,127,767.6380531585236,5.793103448275862,4447.006652780413,247.0559251544674,0.2558793510528412
/home/karthikpk/project-workspace/workspace/target-repos/numpy/numpy/ma/extras.py,_covhelper,1401,1441,1,12,32,31,5,31,142.13383752235586,4.117647058823529,585.25697803323,32.514276557401665,0.047377945840785286
/home/karthikpk/project-workspace/workspace/target-repos/numpy/numpy/core/tests/test_deprecations.py,test_conjugate,243,248,0,4,5,6,0,0,0,0,0,0.0,0.0
/home/karthikpk/project-workspace/workspace/target-repos/click/src/click/globals.py,resolve_color_default,55,68,0,3,8,7,0,6,12.0,0.6666666666666666,8.0,0.4444444444444444,0.004
/home/karthikpk/project-workspace/workspace/target-repos/numpy/numpy/lib/tests/test_io.py,test_array,741,753,0,2,11,11,0,0,0,0,0,0.0,0.0
/home/karthikpk/project-workspace/workspace/target-repos/numpy/numpy/_utils/_pep440.py,__ge__,149,150,0,2,3,2,0,3,4.754887502163469,0.5,2.3774437510817346,0.1320802083934297,0.0015849625007211565
/home/karthikpk/project-workspace/workspace/target-repos/django/django/contrib/gis/db/models/functions.py,as_sql,162,169,0,3,4,8,0,5,11.60964047443681,1.0,11.60964047443681,0.6449800263576005,0.0038698801581456034
/home/karthikpk/project-workspace/workspace/target-repos/numpy/numpy/f2py/auxfuncs.py,getcallprotoargument,677,713,1,14,33,36,1,20,81.7492568250068,2.0,163.4985136500136,9.083250758334088,0.027249752275002266
/home/karthikpk/project-workspace/workspace/target-repos/numpy/numpy/core/tests/test_regression.py,test_complex_boolean_cast,1640,1646,0,2,7,6,1,6,12.0,0.6666666666666666,8.0,0.4444444444444444,0.004
/home/karthikpk/project-workspace/workspace/target-repos/numpy/numpy/linalg/linalg.py,matrix_power,570,682,1,13,35,35,6,32,130.79881092001088,5.7272727272727275,749.1204625418806,41.61780347454892,0.04359960364000363
/home/karthikpk/project-workspace/workspace/target-repos/numpy/numpy/core/code_generators/genapi.py,find_functions,217,305,1,16,65,64,4,26,96.21143267166839,2.55,245.33915331275438,13.629952961819688,0.032070477557222796
/home/karthikpk/project-workspace/workspace/target-repos/numpy/numpy/distutils/cpuinfo.py,_is_PentiumPro,214,216,0,2,2,3,0,3,4.754887502163469,0.5,2.3774437510817346,0.1320802083934297,0.0015849625007211565
/home/karthikpk/project-workspace/workspace/target-repos/numpy/numpy/distutils/misc_util.py,_fix_paths,266,301,1,16,33,35,0,19,74.23092131656186,2.1818181818181817,161.9583737815895,8.997687432310528,0.024743640438853954
/home/karthikpk/project-workspace/workspace/target-repos/django/django/test/runner.py,run_checks,974,977,0,4,2,2,2,0,0,0,0,0.0,0.0
/home/karthikpk/project-workspace/workspace/target-repos/django/django/contrib/admin/options.py,get_formset,2347,2439,0,4,50,75,8,42,199.7052750908657,3.857142857142857,770.291775350482,42.79398751947122,0.06656842503028856
/home/karthikpk/project-workspace/workspace/target-repos/numpy/tools/swig/test/testArray.py,testLen,165,167,0,2,3,2,0,6,15.509775004326936,1.0,15.509775004326936,0.861654166907052,0.005169925001442312
/home/karthikpk/project-workspace/workspace/target-repos/flask/tests/test_reqctx.py,test_session_dynamic_cookie_name,229,277,0,5,34,35,5,12,27.863137138648348,1.0,27.863137138648348,1.5479520632582415,0.00928771237954945
/home/karthikpk/project-workspace/workspace/target-repos/flask/examples/tutorial/tests/test_auth.py,test_login,39,52,0,5,8,8,4,12,38.03910001730775,0.5,19.019550008653876,1.0566416671474377,0.012679700005769252
/home/karthikpk/project-workspace/workspace/target-repos/numpy/numpy/core/tests/test_numeric.py,test_zero,1646,1647,0,2,2,2,0,0,0,0,0,0.0,0.0
/home/karthikpk/project-workspace/workspace/target-repos/numpy/numpy/core/tests/test_regression.py,f,2251,2252,0,2,2,2,0,4,4.0,1.0,4.0,0.2222222222222222,0.0013333333333333333
/home/karthikpk/project-workspace/workspace/target-repos/django/django/contrib/gis/db/backends/spatialite/operations.py,geos_version,159,161,0,2,3,2,0,0,0,0,0,0.0,0.0
/home/karthikpk/project-workspace/workspace/target-repos/django/django/db/migrations/operations/models.py,state_forwards,817,823,0,2,2,7,0,0,0,0,0,0.0,0.0
/home/karthikpk/project-workspace/workspace/target-repos/django/django/core/files/temp.py,__enter__,68,70,0,2,3,3,0,0,0,0,0,0.0,0.0
/home/karthikpk/project-workspace/workspace/target-repos/click/tests/test_options.py,test_count_default_type_help,338,343,0,2,6,5,0,3,4.754887502163469,0.5,2.3774437510817346,0.1320802083934297,0.0015849625007211565
/home/karthikpk/project-workspace/workspace/target-repos/numpy/numpy/core/numeric.py,isfortran,490,554,0,1,3,2,0,0,0,0,0,0.0,0.0
/home/karthikpk/project-workspace/workspace/target-repos/django/django/contrib/admin/templatetags/admin_list.py,admin_actions,509,515,0,1,4,3,0,5,10.0,1.5,15.0,0.8333333333333334,0.0033333333333333335
/home/karthikpk/project-workspace/workspace/target-repos/django/django/contrib/auth/views.py,form_valid,244,256,0,2,5,13,0,0,0,0,0,0.0,0.0
/home/karthikpk/project-workspace/workspace/target-repos/django/django/test/testcases.py,on_template_render,125,128,0,2,4,4,0,0,0,0,0,0.0,0.0
/home/karthikpk/project-workspace/workspace/target-repos/numpy/numpy/core/tests/test_overrides.py,setup_method,541,560,0,4,16,16,0,3,4.754887502163469,0.5,2.3774437510817346,0.1320802083934297,0.0015849625007211565
/home/karthikpk/project-workspace/workspace/target-repos/numpy/numpy/core/tests/test_overrides.py,test_pickle,208,212,0,2,4,5,0,6,15.509775004326936,1.0,15.509775004326936,0.861654166907052,0.005169925001442312
/home/karthikpk/project-workspace/workspace/target-repos/django/django/core/mail/message.py,sanitize_address,78,119,1,11,33,34,2,29,127.37720526058406,2.96875,378.15107811735896,21.008393228742165,0.04245906842019469
/home/karthikpk/project-workspace/workspace/target-repos/numpy/numpy/array_api/_array_object.py,__ge__,532,541,0,3,8,7,0,3,4.754887502163469,0.5,2.3774437510817346,0.1320802083934297,0.0015849625007211565
/home/karthikpk/project-workspace/workspace/target-repos/numpy/numpy/testing/_private/utils.py,assert_equal,212,369,1,32,79,83,17,57,296.93884184085016,4.316666666666666,1281.7860006130031,71.21033336738907,0.09897961394695005
/home/karthikpk/project-workspace/workspace/target-repos/numpy/numpy/core/tests/test_umath.py,__array_wrap__,198,199,0,8,2,2,0,0,0,0,0,0.0,0.0
/home/karthikpk/project-workspace/workspace/target-repos/django/django/contrib/gis/gdal/raster/base.py,metadata,11,58,0,8,27,29,11,14,44.37895002019238,3.6,159.76422007269255,8.875790004038475,0.014792983340064125
/home/karthikpk/project-workspace/workspace/target-repos/django/django/db/models/fields/__init__.py,__hash__,643,644,0,4,2,2,0,0,0,0,0,0.0,0.0
/home/karthikpk/project-workspace/workspace/target-repos/click/src/click/decorators.py,callback,484,520,0,10,23,29,5,23,94.01164534875782,4.090909090909091,384.59309460855474,21.366283033808596,0.031337215116252606
/home/karthikpk/project-workspace/workspace/target-repos/django/django/db/models/sql/query.py,has_filters,572,573,0,6,2,2,0,0,0,0,0,0.0,0.0
/home/karthikpk/project-workspace/workspace/target-repos/django/django/views/generic/dates.py,_get_next_prev,700,787,1,11,42,39,14,29,123.18989788986397,3.392857142857143,417.96572498346706,23.22031805463706,0.04106329929662132
/home/karthikpk/project-workspace/workspace/target-repos/django/django/db/migrations/state.py,add_constraint,234,235,0,4,2,2,0,0,0,0,0,0.0,0.0
/home/karthikpk/project-workspace/workspace/target-repos/numpy/numpy/lib/tests/test_stride_tricks.py,assert_shapes_correct,14,22,0,3,6,6,2,3,4.754887502163469,0.5,2.3774437510817346,0.1320802083934297,0.0015849625007211565
/home/karthikpk/project-workspace/workspace/target-repos/flask/tests/test_testing.py,test_session_transaction_needs_cookies,204,209,0,1,5,5,0,0,0,0,0,0.0,0.0
/home/karthikpk/project-workspace/workspace/target-repos/django/django/test/utils.py,__enter__,729,738,0,2,8,8,2,0,0,0,0,0.0,0.0
/home/karthikpk/project-workspace/workspace/target-repos/django/django/db/backends/base/base.py,constraint_checks_disabled,538,547,0,2,8,7,0,0,0,0,0,0.0,0.0
/home/karthikpk/project-workspace/workspace/target-repos/numpy/numpy/lib/recfunctions.py,stack_arrays,1318,1402,1,18,43,43,4,26,112.37013046707143,3.642857142857143,409.34833241576024,22.74157402309779,0.03745671015569048
/home/karthikpk/project-workspace/workspace/target-repos/flask/examples/tutorial/tests/test_auth.py,test_logout,64,69,0,2,5,5,0,3,4.754887502163469,0.5,2.3774437510817346,0.1320802083934297,0.0015849625007211565
/home/karthikpk/project-workspace/workspace/target-repos/numpy/numpy/ma/tests/test_core.py,test_make_mask_descr,4720,4764,0,2,32,32,7,21,69.76048999263462,0.7777777777777778,54.258158883160256,3.0143421601755698,0.02325349666421154
/home/karthikpk/project-workspace/workspace/target-repos/django/django/core/management/commands/makemigrations.py,write_migration_files,334,394,1,13,40,50,8,27,112.58797503894243,2.4285714285714284,273.42793938028876,15.19044107668271,0.03752932501298081
/home/karthikpk/project-workspace/workspace/target-repos/django/django/http/request.py,get_port,153,159,0,4,7,6,0,6,15.509775004326936,1.0,15.509775004326936,0.861654166907052,0.005169925001442312
/home/karthikpk/project-workspace/workspace/target-repos/django/docs/_ext/djangodocs.py,__getattr__,238,241,0,3,4,4,0,3,4.754887502163469,0.5,2.3774437510817346,0.1320802083934297,0.0015849625007211565
/home/karthikpk/project-workspace/workspace/target-repos/django/django/test/html.py,__init__,224,228,0,3,5,5,0,0,0,0,0,0.0,0.0
/home/karthikpk/project-workspace/workspace/target-repos/django/django/db/models/base.py,_check_local_fields,2026,2078,0,9,19,49,2,12,39.863137138648355,1.0,39.863137138648355,2.2146187299249087,0.013287712379549451
/home/karthikpk/project-workspace/workspace/target-repos/numpy/benchmarks/benchmarks/common.py,get_data,124,221,1,19,58,71,0,87,442.6092671887796,8.307692307692308,3677.061604337554,204.2812002409752,0.14753642239625986
/home/karthikpk/project-workspace/workspace/target-repos/numpy/numpy/array_api/linalg.py,cross,64,80,0,6,11,10,2,18,66.60791492653966,2.6666666666666665,177.62110647077242,9.867839248376246,0.022202638308846556
/home/karthikpk/project-workspace/workspace/target-repos/numpy/numpy/lib/tests/test_mixins.py,test_matmul,195,203,0,2,7,9,0,0,0,0,0,0.0,0.0
/home/karthikpk/project-workspace/workspace/target-repos/numpy/numpy/f2py/symbolic.py,ewarn,153,154,0,1,2,2,0,0,0,0,0,0.0,0.0
/home/karthikpk/project-workspace/workspace/target-repos/requests/requests/utils.py,get_proxy,772,773,0,17,2,2,0,3,4.754887502163469,0.5,2.3774437510817346,0.1320802083934297,0.0015849625007211565
/home/karthikpk/project-workspace/workspace/target-repos/numpy/numpy/core/tests/test_unicode.py,test_values_updowncast,318,332,0,2,11,10,5,25,100.0,3.6363636363636362,363.6363636363636,20.2020202020202,0.03333333333333333
/home/karthikpk/project-workspace/workspace/target-repos/numpy/numpy/core/tests/test_numeric.py,res_type,813,814,0,4,2,2,0,0,0,0,0,0.0,0.0
/home/karthikpk/project-workspace/workspace/target-repos/numpy/numpy/_typing/_nested_sequence.py,__reversed__,76,78,0,2,3,2,0,0,0,0,0,0.0,0.0
/home/karthikpk/project-workspace/workspace/target-repos/numpy/benchmarks/benchmarks/bench_core.py,time_identity_100,81,82,0,2,2,2,0,0,0,0,0,0.0,0.0
/home/karthikpk/project-workspace/workspace/target-repos/numpy/numpy/core/tests/test_machar.py,_run_machar_highprec,12,20,0,3,7,5,3,0,0,0,0,0.0,0.0
/home/karthikpk/project-workspace/workspace/target-repos/numpy/numpy/core/tests/test_umath.py,test_outer_bad_subclass,4673,4701,0,3,21,20,4,16,57.359400011538504,2.5,143.39850002884626,7.966583334935903,0.01911980000384617
/home/karthikpk/project-workspace/workspace/target-repos/numpy/numpy/random/tests/test_generator_mt19937.py,test_noncentral_chisquare,2036,2055,0,2,18,18,0,22,69.73835003173087,2.0,139.47670006346175,7.748705559081208,0.023246116677243626
/home/karthikpk/project-workspace/workspace/target-repos/numpy/numpy/core/tests/test_einsum.py,test_complex,953,962,0,3,9,9,1,0,0,0,0,0.0,0.0
/home/karthikpk/project-workspace/workspace/target-repos/numpy/numpy/polynomial/hermite_e.py,hermeadd,312,349,0,1,3,2,0,0,0,0,0,0.0,0.0
/home/karthikpk/project-workspace/workspace/target-repos/django/django/contrib/gis/utils/ogrinspect.py,_ogrinspect,129,267,1,20,87,107,15,95,551.6987175954724,3.78,2085.421152510886,115.85673069504921,0.18389957253182415
/home/karthikpk/project-workspace/workspace/target-repos/numpy/numpy/core/tests/test_numeric.py,test_object,2979,2984,0,2,6,6,0,0,0,0,0,0.0,0.0
/home/karthikpk/project-workspace/workspace/target-repos/numpy/numpy/f2py/capi_maps.py,getpydocsign,342,413,1,21,63,71,0,72,402.1173000519233,2.7906976744186047,1122.1878140983906,62.34376744991059,0.13403910001730776
/home/karthikpk/project-workspace/workspace/target-repos/numpy/numpy/f2py/crackfortran.py,readfortrancode,358,584,1,60,190,201,22,188,1254.415964290641,8.764044943820224,10993.757889288763,610.764327182709,0.41813865476354706
/home/karthikpk/project-workspace/workspace/target-repos/numpy/numpy/ma/core.py,allequal,8038,8093,0,3,16,15,0,3,4.754887502163469,0.5,2.3774437510817346,0.1320802083934297,0.0015849625007211565
/home/karthikpk/project-workspace/workspace/target-repos/flask/src/flask/debughelpers.py,__str__,39,40,0,3,2,2,0,0,0,0,0,0.0,0.0
/home/karthikpk/project-workspace/workspace/target-repos/numpy/numpy/distutils/system_info.py,get_paths,880,933,0,5,51,52,0,54,283.3880857259536,5.431034482758621,1539.0904655806103,85.50502586558946,0.09446269524198453
/home/karthikpk/project-workspace/workspace/target-repos/numpy/numpy/lib/tests/test_shape_base.py,test_non_iterable,596,597,0,2,2,2,0,0,0,0,0,0.0,0.0
/home/karthikpk/project-workspace/workspace/target-repos/django/django/db/models/expressions.py,bitor,129,130,0,2,2,2,0,0,0,0,0,0.0,0.0
/home/karthikpk/project-workspace/workspace/target-repos/numpy/numpy/f2py/symbolic.py,__ge__,268,268,0,8,2,1,0,5,11.60964047443681,1.0,11.60964047443681,0.6449800263576005,0.0038698801581456034
/home/karthikpk/project-workspace/workspace/target-repos/numpy/numpy/f2py/symbolic.py,process,1317,1517,1,17,136,148,25,138,821.6790908333888,13.270833333333334,10904.366267934765,605.7981259963758,0.27389303027779627
/home/karthikpk/project-workspace/workspace/target-repos/flask/tests/test_basic.py,test_url_mapping,156,189,0,12,26,26,3,32,125.0204990594726,2.625,328.1788100311156,18.232156112839753,0.04167349968649087
/home/karthikpk/project-workspace/workspace/target-repos/flask/tests/test_templating.py,test_request_less_rendering,42,50,0,2,7,7,0,3,4.754887502163469,0.5,2.3774437510817346,0.1320802083934297,0.0015849625007211565
/home/karthikpk/project-workspace/workspace/target-repos/numpy/numpy/random/tests/test_regression.py,test_shuffle_of_array_of_different_length_strings,100,113,0,3,7,7,4,3,4.754887502163469,0.5,2.3774437510817346,0.1320802083934297,0.0015849625007211565
/home/karthikpk/project-workspace/workspace/target-repos/numpy/numpy/matrixlib/tests/test_numeric.py,test_matscalar,5,7,0,2,3,3,0,3,4.754887502163469,0.5,2.3774437510817346,0.1320802083934297,0.0015849625007211565
/home/karthikpk/project-workspace/workspace/target-repos/requests/requests/utils.py,should_bypass_proxies,764,821,1,17,34,33,12,18,68.53238859703687,2.4,164.4777326328885,9.13765181293825,0.022844129532345624
/home/karthikpk/project-workspace/workspace/target-repos/numpy/numpy/lib/function_base.py,place,1918,1954,0,1,3,2,0,0,0,0,0,0.0,0.0
/home/karthikpk/project-workspace/workspace/target-repos/django/django/contrib/gis/gdal/geometries.py,geom_name,245,247,0,2,3,2,0,0,0,0,0,0.0,0.0
/home/karthikpk/project-workspace/workspace/target-repos/numpy/numpy/core/code_generators/genapi.py,internal_define,341,355,0,2,6,11,5,3,4.754887502163469,0.5,2.3774437510817346,0.1320802083934297,0.0015849625007211565
/home/karthikpk/project-workspace/workspace/target-repos/numpy/numpy/lib/tests/test_format.py,assert_equal_,432,433,0,1,2,2,0,3,4.754887502163469,0.5,2.3774437510817346,0.1320802083934297,0.0015849625007211565
/home/karthikpk/project-workspace/workspace/target-repos/click/src/click/_compat.py,_force_correct_text_reader,280,293,0,1,2,14,0,0,0,0,0,0.0,0.0
/home/karthikpk/project-workspace/workspace/target-repos/numpy/tools/linter.py,get_branch_diff,29,51,0,3,13,16,0,0,0,0,0,0.0,0.0
/home/karthikpk/project-workspace/workspace/target-repos/django/django/core/management/commands/makemigrations.py,handle,105,261,1,13,80,128,19,58,299.8556500836541,5.285714285714286,1584.9512932993146,88.0528496277397,0.09995188336121803
/home/karthikpk/project-workspace/workspace/target-repos/django/django/contrib/gis/gdal/feature.py,layer_name,71,74,0,2,4,3,0,0,0,0,0,0.0,0.0
/home/karthikpk/project-workspace/workspace/target-repos/django/django/utils/log.py,log_response,210,255,0,7,15,32,4,9,25.26619429851844,1.2,30.319433158222125,1.6844129532345624,0.008422064766172813
/home/karthikpk/project-workspace/workspace/target-repos/numpy/numpy/lib/utils.py,who,327,419,1,12,44,47,0,87,500.6752126882218,5.043478260869565,2525.144550949293,140.28580838607184,0.1668917375627406
/home/karthikpk/project-workspace/workspace/target-repos/django/django/db/backends/base/operations.py,window_frame_end,720,731,0,2,9,12,0,15,49.82892142331044,3.3333333333333335,166.09640474436813,9.227578041353786,0.016609640474436815
/home/karthikpk/project-workspace/workspace/target-repos/numpy/numpy/f2py/crackfortran.py,updatevars,1691,1857,1,73,145,153,1,236,1649.3295860782312,7.254310344827586,11964.748678317514,664.7082599065285,0.5497765286927437
/home/karthikpk/project-workspace/workspace/target-repos/django/django/contrib/gis/gdal/geometries.py,point_count,225,227,0,2,3,2,0,0,0,0,0,0.0,0.0
/home/karthikpk/project-workspace/workspace/target-repos/django/django/contrib/gis/geos/linestring.py,_set_single,134,135,0,3,2,2,0,0,0,0,0,0.0,0.0
/home/karthikpk/project-workspace/workspace/target-repos/numpy/numpy/matlib.py,identity,151,185,0,1,6,5,0,6,15.509775004326936,1.0,15.509775004326936,0.861654166907052,0.005169925001442312
/home/karthikpk/project-workspace/workspace/target-repos/django/django/contrib/admin/options.py,get_sortable_by,425,431,0,4,3,6,0,3,4.754887502163469,0.5,2.3774437510817346,0.1320802083934297,0.0015849625007211565
/home/karthikpk/project-workspace/workspace/target-repos/numpy/numpy/distutils/tests/test_misc_util.py,test_get_shared_lib_extension,61,73,0,6,12,12,1,0,0,0,0,0.0,0.0
/home/karthikpk/project-workspace/workspace/target-repos/numpy/numpy/f2py/crackfortran.py,expr2name,3142,3176,1,14,35,35,1,67,356.5691823574533,5.5,1961.1305029659932,108.95169460922185,0.11885639411915111
/home/karthikpk/project-workspace/workspace/target-repos/numpy/numpy/core/setup.py,is_npy_no_smp,114,123,0,1,3,2,6,3,4.754887502163469,0.5,2.3774437510817346,0.1320802083934297,0.0015849625007211565
/home/karthikpk/project-workspace/workspace/target-repos/click/examples/repo/repo.py,clone,72,85,0,4,9,8,0,8,24.0,1.5,36.0,2.0,0.008
/home/karthikpk/project-workspace/workspace/target-repos/django/django/db/models/query_utils.py,deconstruct,146,156,0,3,11,11,0,6,15.509775004326936,1.0,15.509775004326936,0.861654166907052,0.005169925001442312
/home/karthikpk/project-workspace/workspace/target-repos/numpy/numpy/ctypeslib.py,ndpointer,233,347,1,20,50,52,5,57,257.84303149524976,5.277777777777778,1360.838221780485,75.60212343224916,0.08594767716508325
/home/karthikpk/project-workspace/workspace/target-repos/django/django/contrib/gis/db/backends/spatialite/introspection.py,get_constraints,65,82,0,6,7,18,0,3,4.754887502163469,0.5,2.3774437510817346,0.1320802083934297,0.0015849625007211565
/home/karthikpk/project-workspace/workspace/target-repos/django/django/contrib/admin/options.py,wrapper,688,689,0,5,2,2,0,0,0,0,0,0.0,0.0
/home/karthikpk/project-workspace/workspace/target-repos/numpy/numpy/core/tests/test_defchararray.py,test_rmod,642,649,0,2,6,7,0,15,49.82892142331044,1.25,62.28615177913805,3.4603417655076694,0.016609640474436815
/home/karthikpk/project-workspace/workspace/target-repos/django/django/core/files/utils.py,readable,55,60,0,3,6,6,0,0,0,0,0,0.0,0.0
/home/karthikpk/project-workspace/workspace/target-repos/django/django/core/management/commands/makemessages.py,process_files,589,599,0,11,8,7,0,0,0,0,0,0.0,0.0
/home/karthikpk/project-workspace/workspace/target-repos/numpy/numpy/lib/user_array.py,__ne__,213,214,0,2,2,2,0,0,0,0,0,0.0,0.0
/home/karthikpk/project-workspace/workspace/target-repos/numpy/numpy/f2py/tests/test_return_complex.py,check_function,8,49,1,25,35,35,3,149,890.6147086014876,5.2105263157894735,4640.571376397224,257.8095209109569,0.2968715695338292
/home/karthikpk/project-workspace/workspace/target-repos/numpy/numpy/core/tests/test_records.py,test_tofile_fromfile,325,336,0,2,10,12,0,0,0,0,0,0.0,0.0
/home/karthikpk/project-workspace/workspace/target-repos/numpy/numpy/distutils/system_info.py,calc_info,1662,1764,1,11,33,91,23,95,533.3974351909447,2.0543478260869565,1095.7838614248756,60.876881190270865,0.17779914506364825
/home/karthikpk/project-workspace/workspace/target-repos/django/django/db/models/fields/__init__.py,__copy__,657,663,0,4,5,5,2,0,0,0,0,0.0,0.0
/home/karthikpk/project-workspace/workspace/target-repos/numpy/numpy/lib/tests/test_histograms.py,test_empty,686,690,0,2,5,5,0,0,0,0,0,0.0,0.0
/home/karthikpk/project-workspace/workspace/target-repos/numpy/numpy/core/tests/test_scalarmath.py,test_blocked,156,186,0,4,21,25,3,18,59.794705707972525,1.5,89.69205856195879,4.9828921423310435,0.019931568569324175
/home/karthikpk/project-workspace/workspace/target-repos/django/django/db/models/fields/related.py,get_extra_restriction,803,815,0,3,3,2,0,0,0,0,0,0.0,0.0
/home/karthikpk/project-workspace/workspace/target-repos/click/src/click/termui.py,prompt,79,187,1,16,44,56,8,24,96.0,4.5,432.0,24.0,0.032
/home/karthikpk/project-workspace/workspace/target-repos/django/django/contrib/auth/base_user.py,get_session_auth_fallback_hash,141,143,0,2,3,3,0,0,0,0,0,0.0,0.0
/home/karthikpk/project-workspace/workspace/target-repos/numpy/tools/swig/test/testVector.py,__init__,292,295,0,2,4,4,0,0,0,0,0,0.0,0.0
/home/karthikpk/project-workspace/workspace/target-repos/numpy/numpy/polynomial/tests/test_hermite_e.py,test_hermeint,208,289,1,12,69,65,9,94,513.1865721519059,3.91025641025641,2006.691083414504,111.48283796747245,0.17106219071730197
/home/karthikpk/project-workspace/workspace/target-repos/django/django/http/response.py,__delitem__,199,200,0,3,2,2,0,0,0,0,0,0.0,0.0
/home/karthikpk/project-workspace/workspace/target-repos/numpy/numpy/linalg/lapack_lite/clapack_scrub.py,scrubSource,276,295,0,4,10,17,0,3,4.754887502163469,0.5,2.3774437510817346,0.1320802083934297,0.0015849625007211565
/home/karthikpk/project-workspace/workspace/target-repos/numpy/numpy/f2py/symbolic.py,normalize,791,925,1,55,116,118,4,230,1500.419249893113,14.805194805194805,22213.9992841318,1234.1110713406556,0.5001397499643709
/home/karthikpk/project-workspace/workspace/target-repos/numpy/numpy/distutils/ccompiler.py,CCompiler_spawn,114,183,1,12,34,34,11,9,27.0,1.8,48.6,2.7,0.009
/home/karthikpk/project-workspace/workspace/target-repos/numpy/numpy/f2py/tests/test_symbolic.py,test_fromstring,294,386,1,23,68,79,0,233,1668.2500214693646,3.988970588235294,6654.600269464193,369.7000149702329,0.5560833404897882
/home/karthikpk/project-workspace/workspace/target-repos/django/django/apps/registry.py,check_models_ready,140,143,0,4,4,3,0,2,2.0,0.5,1.0,0.05555555555555555,0.0006666666666666666
/home/karthikpk/project-workspace/workspace/target-repos/numpy/numpy/distutils/system_info.py,get_atlas_version,1778,1848,1,17,46,63,4,32,140.55415752892034,7.5,1054.1561814669026,58.56423230371681,0.04685138584297345
/home/karthikpk/project-workspace/workspace/target-repos/django/django/db/backends/oracle/base.py,_format_params,487,491,0,4,6,5,0,0,0,0,0,0.0,0.0
/home/karthikpk/project-workspace/workspace/target-repos/numpy/numpy/core/tests/test_multiarray.py,test_ip_types,5143,5154,0,2,9,9,1,6,15.509775004326936,1.0,15.509775004326936,0.861654166907052,0.005169925001442312
/home/karthikpk/project-workspace/workspace/target-repos/django/django/db/models/lookups.py,get_db_prep_lookup,242,255,0,5,4,12,2,3,4.754887502163469,0.5,2.3774437510817346,0.1320802083934297,0.0015849625007211565
/home/karthikpk/project-workspace/workspace/target-repos/click/src/click/core.py,get_help,1319,1326,0,4,5,4,0,0,0,0,0,0.0,0.0
/home/karthikpk/project-workspace/workspace/target-repos/numpy/numpy/linalg/lapack_lite/make_lite.py,resolveAllDependencies,154,173,0,2,16,15,0,6,15.509775004326936,1.0,15.509775004326936,0.861654166907052,0.005169925001442312
/home/karthikpk/project-workspace/workspace/target-repos/numpy/numpy/distutils/ccompiler_opt.py,__init__,1240,1272,0,6,24,30,1,12,43.01955000865388,2.0,86.03910001730776,4.779950000961542,0.014339850002884626
/home/karthikpk/project-workspace/workspace/target-repos/django/django/forms/forms.py,non_field_errors,352,361,0,4,3,5,0,0,0,0,0,0.0,0.0
/home/karthikpk/project-workspace/workspace/target-repos/numpy/numpy/lib/arraypad.py,_pad_dispatcher,525,526,0,1,2,2,0,0,0,0,0,0.0,0.0
/home/karthikpk/project-workspace/workspace/target-repos/django/django/views/generic/edit.py,get_success_url,236,240,0,2,5,5,0,0,0,0,0,0.0,0.0
/home/karthikpk/project-workspace/workspace/target-repos/django/django/contrib/auth/context_processors.py,auth,49,67,0,2,9,10,0,0,0,0,0,0.0,0.0
/home/karthikpk/project-workspace/workspace/target-repos/numpy/numpy/lib/npyio.py,_read,818,1095,1,43,108,139,35,119,684.8316127574528,11.285714285714286,7728.81391540554,429.3785508558633,0.22827720425248427
/home/karthikpk/project-workspace/workspace/target-repos/numpy/tools/wheels/check_license.py,check_text,16,21,0,2,3,6,0,6,15.509775004326936,1.0,15.509775004326936,0.861654166907052,0.005169925001442312
/home/karthikpk/project-workspace/workspace/target-repos/numpy/numpy/random/tests/test_generator_mt19937.py,test_logseries_zero,1389,1391,0,2,3,3,0,3,4.754887502163469,0.5,2.3774437510817346,0.1320802083934297,0.0015849625007211565
/home/karthikpk/project-workspace/workspace/target-repos/django/django/utils/feedgenerator.py,to_str,126,127,0,3,2,2,0,3,4.754887502163469,0.5,2.3774437510817346,0.1320802083934297,0.0015849625007211565
/home/karthikpk/project-workspace/workspace/target-repos/numpy/numpy/lib/index_tricks.py,__getitem__,326,425,1,11,84,86,6,74,403.99793977916,8.0,3231.98351823328,179.55463990184887,0.13466597992638665
/home/karthikpk/project-workspace/workspace/target-repos/numpy/numpy/lib/npyio.py,_savez,713,747,0,7,23,26,3,19,72.33974351909447,2.4,173.61538444582672,9.645299135879263,0.024113247839698156
/home/karthikpk/project-workspace/workspace/target-repos/numpy/numpy/polynomial/tests/test_chebyshev.py,powx,500,501,0,3,2,2,0,3,4.754887502163469,0.5,2.3774437510817346,0.1320802083934297,0.0015849625007211565
/home/karthikpk/project-workspace/workspace/target-repos/numpy/numpy/ctypeslib.py,_ctype_from_dtype_structured,402,453,1,11,32,38,6,39,168.55519570060713,8.666666666666666,1460.8116960719283,81.15620533732935,0.05618506523353571
/home/karthikpk/project-workspace/workspace/target-repos/flask/tests/test_testing.py,index,216,218,0,9,3,3,0,0,0,0,0,0.0,0.0
/home/karthikpk/project-workspace/workspace/target-repos/numpy/numpy/core/tests/test_regression.py,test_log1p_compiler_shenanigans,1508,1510,0,2,2,2,1,2,2.0,0.5,1.0,0.05555555555555555,0.0006666666666666666
/home/karthikpk/project-workspace/workspace/target-repos/numpy/numpy/polynomial/tests/test_legendre.py,test_leggrid3d,192,204,0,2,9,9,2,6,15.509775004326936,1.0,15.509775004326936,0.861654166907052,0.005169925001442312
/home/karthikpk/project-workspace/workspace/target-repos/numpy/numpy/array_api/tests/test_elementwise_functions.py,nargs,15,16,0,1,2,2,0,0,0,0,0,0.0,0.0
/home/karthikpk/project-workspace/workspace/target-repos/requests/tests/test_requests.py,test_auth_is_retained_for_redirect_on_host,1847,1852,0,3,5,5,0,3,4.754887502163469,0.5,2.3774437510817346,0.1320802083934297,0.0015849625007211565
/home/karthikpk/project-workspace/workspace/target-repos/requests/tests/test_testserver.py,test_basic_waiting_server,63,76,0,3,10,12,0,0,0,0,0,0.0,0.0
/home/karthikpk/project-workspace/workspace/target-repos/django/django/utils/text.py,camel_case_to_spaces,505,509,0,1,3,2,0,0,0,0,0,0.0,0.0
/home/karthikpk/project-workspace/workspace/target-repos/numpy/numpy/distutils/system_info.py,_parse_env_order,417,498,1,16,39,37,6,31,131.68575291675114,5.833333333333333,768.1668920143816,42.67593844524342,0.04389525097225038
/home/karthikpk/project-workspace/workspace/target-repos/django/django/forms/utils.py,as_json,100,101,0,2,2,2,0,0,0,0,0,0.0,0.0
/home/karthikpk/project-workspace/workspace/target-repos/django/django/db/migrations/autodetector.py,generate_removed_constraints,1384,1396,0,8,4,13,0,0,0,0,0,0.0,0.0
/home/karthikpk/project-workspace/workspace/target-repos/django/django/contrib/gis/gdal/layer.py,name,106,109,0,3,4,3,0,0,0,0,0,0.0,0.0
/home/karthikpk/project-workspace/workspace/target-repos/django/django/template/loaders/filesystem.py,get_template_sources,27,45,0,3,8,11,2,0,0,0,0,0.0,0.0
/home/karthikpk/project-workspace/workspace/target-repos/flask/src/flask/templating.py,_get_source_explained,66,88,0,4,19,19,0,24,79.72627427729671,3.4285714285714284,273.3472260935887,15.185957005199372,0.026575424759098902
/home/karthikpk/project-workspace/workspace/target-repos/numpy/numpy/distutils/fcompiler/__init__.py,get_flags_fix,394,396,0,3,3,2,0,0,0,0,0,0.0,0.0
/home/karthikpk/project-workspace/workspace/target-repos/django/django/db/models/fields/related.py,_check_to_fields_exist,580,600,0,3,11,19,1,3,4.754887502163469,0.5,2.3774437510817346,0.1320802083934297,0.0015849625007211565
/home/karthikpk/project-workspace/workspace/target-repos/numpy/numpy/f2py/cb_rules.py,buildcallback,519,643,1,50,99,120,0,165,1034.019779214659,6.3768115942028984,6593.749316731159,366.31940648506435,0.34467325973821966
/home/karthikpk/project-workspace/workspace/target-repos/numpy/numpy/f2py/crackfortran.py,_ensure_exprdict,3213,3222,0,5,13,10,0,0,0,0,0,0.0,0.0
/home/karthikpk/project-workspace/workspace/target-repos/django/django/utils/formats.py,get_format,100,144,1,14,32,31,6,24,91.37651812938249,4.444444444444445,406.1178583528111,22.56210324182284,0.03045883937646083
/home/karthikpk/project-workspace/workspace/target-repos/django/django/contrib/auth/mixins.py,get_permission_denied_message,34,38,0,4,3,2,0,0,0,0,0,0.0,0.0
/home/karthikpk/project-workspace/workspace/target-repos/numpy/numpy/distutils/exec_command.py,exec_command,177,250,0,9,33,38,1,38,169.4584015082173,3.676470588235294,623.0088290743282,34.61160161524046,0.05648613383607243
/home/karthikpk/project-workspace/workspace/target-repos/numpy/numpy/distutils/command/build_ext.py,run,96,353,1,16,159,193,39,111,655.6648561125455,6.352941176470588,4165.400262362054,231.41112568678076,0.21855495203751518
/home/karthikpk/project-workspace/workspace/target-repos/django/django/db/models/sql/compiler.py,get_group_by,94,195,1,12,48,52,41,27,116.69205856195879,3.642857142857143,425.09249904713556,23.616249947063086,0.03889735285398626
/home/karthikpk/project-workspace/workspace/target-repos/django/django/db/migrations/state.py,remove_model,126,140,0,4,12,12,4,8,24.0,1.5,36.0,2.0,0.008
/home/karthikpk/project-workspace/workspace/target-repos/numpy/numpy/f2py/tests/test_array_from_pyobj.py,__init__,268,353,1,11,58,75,6,95,561.1546065828093,7.5,4208.659549371069,233.81441940950384,0.1870515355276031
/home/karthikpk/project-workspace/workspace/target-repos/flask/examples/tutorial/tests/test_blog.py,test_update,57,65,0,3,9,8,0,6,13.931568569324174,0.5,6.965784284662087,0.3869880158145604,0.004643856189774725
/home/karthikpk/project-workspace/workspace/target-repos/numpy/numpy/f2py/crackfortran.py,crackline,700,856,1,45,127,147,4,210,1303.9852067820798,12.96774193548387,16909.743649238582,939.4302027354768,0.4346617355940266
/home/karthikpk/project-workspace/workspace/target-repos/numpy/numpy/lib/function_base.py,gradient,973,1317,1,27,127,127,28,293,1990.7638488405812,10.34,20584.49819701161,1143.5832331673116,0.6635879496135271
/home/karthikpk/project-workspace/workspace/target-repos/numpy/numpy/polynomial/tests/test_polynomial.py,test_polyder_axis,427,437,0,6,8,8,1,0,0,0,0,0.0,0.0
/home/karthikpk/project-workspace/workspace/target-repos/numpy/numpy/core/tests/test_dtype.py,test_structured,1260,1283,0,8,15,17,6,8,16.0,2.5,40.0,2.2222222222222223,0.005333333333333333
/home/karthikpk/project-workspace/workspace/target-repos/numpy/numpy/lib/function_base.py,_quantile_ureduce_func,4697,4727,0,5,17,28,3,9,23.264662506490403,1.5,34.89699375973561,1.938721875540867,0.007754887502163467
/home/karthikpk/project-workspace/workspace/target-repos/numpy/numpy/lib/arraypad.py,pad,534,882,1,33,80,96,28,87,474.9705508214449,7.328571428571428,3480.8556081628744,193.38086712015968,0.15832351694048163
/home/karthikpk/project-workspace/workspace/target-repos/django/django/core/serializers/python.py,Deserializer,99,185,1,20,52,69,7,24,100.07820003461549,2.2857142857142856,228.75017150769253,12.708342861538474,0.0333594000115385
/home/karthikpk/project-workspace/workspace/target-repos/numpy/numpy/lib/polynomial.py,fmt_float,1276,1280,0,3,6,5,0,5,11.60964047443681,1.0,11.60964047443681,0.6449800263576005,0.0038698801581456034
/home/karthikpk/project-workspace/workspace/target-repos/django/django/template/defaultfilters.py,floatformat,96,220,1,21,60,70,7,75,418.8721875540868,6.837837837837838,2864.180093275242,159.121116293069,0.13962406251802892
/home/karthikpk/project-workspace/workspace/target-repos/numpy/numpy/core/setup.py,check_math_capabilities,141,243,1,15,51,80,12,18,70.32403072095333,2.0,140.64806144190666,7.8137811912170365,0.02344134357365111
/home/karthikpk/project-workspace/workspace/target-repos/click/tests/test_commands.py,test_aliased_command_canonical_name,278,295,0,3,14,14,0,2,2.0,0.5,1.0,0.05555555555555555,0.0006666666666666666
/home/karthikpk/project-workspace/workspace/target-repos/numpy/numpy/lib/tests/test_nanfunctions.py,test_mutation,267,272,0,4,5,5,1,0,0,0,0,0.0,0.0
/home/karthikpk/project-workspace/workspace/target-repos/numpy/tools/npy_tempita/__init__.py,trim_lex,706,762,1,27,44,45,2,117,688.2692367753355,6.75,4645.817348233514,258.10096379075077,0.22942307892511182
/home/karthikpk/project-workspace/workspace/target-repos/numpy/numpy/core/_dtype.py,_scalar_str,103,157,1,16,37,38,6,57,292.36913196586306,3.9310344827586206,1149.3131394520133,63.85072996955629,0.09745637732195435
/home/karthikpk/project-workspace/workspace/target-repos/numpy/numpy/distutils/fcompiler/sun.py,get_opt,35,36,0,2,2,2,0,0,0,0,0,0.0,0.0
/home/karthikpk/project-workspace/workspace/target-repos/numpy/numpy/ma/extras.py,_median,738,820,1,13,56,55,15,54,276.9812829150282,9.130434782608695,2528.959539658953,140.49775220327516,0.0923270943050094
/home/karthikpk/project-workspace/workspace/target-repos/django/django/core/mail/backends/smtp.py,ssl_context,59,65,0,7,7,7,0,3,4.754887502163469,0.5,2.3774437510817346,0.1320802083934297,0.0015849625007211565
/home/karthikpk/project-workspace/workspace/target-repos/numpy/numpy/testing/_private/utils.py,assert_raises,1269,1295,0,1,4,3,1,0,0,0,0,0.0,0.0
/home/karthikpk/project-workspace/workspace/target-repos/numpy/benchmarks/benchmarks/bench_ma.py,setup,225,231,0,3,7,7,0,10,28.07354922057604,2.25,63.16548574629609,3.509193652572005,0.009357849740192013
/home/karthikpk/project-workspace/workspace/target-repos/numpy/numpy/distutils/fcompiler/__init__.py,set_exe,312,342,0,3,27,27,2,24,96.0,3.409090909090909,327.27272727272725,18.18181818181818,0.032
/home/karthikpk/project-workspace/workspace/target-repos/django/django/contrib/admin/helpers.py,media,121,124,0,3,4,4,0,3,4.754887502163469,0.5,2.3774437510817346,0.1320802083934297,0.0015849625007211565
/home/karthikpk/project-workspace/workspace/target-repos/numpy/numpy/core/tests/test_multiarray.py,test_striding_not_ok,8484,8497,0,7,6,14,0,0,0,0,0,0.0,0.0
/home/karthikpk/project-workspace/workspace/target-repos/numpy/numpy/ma/core.py,enabled,2400,2405,0,2,3,2,0,0,0,0,0,0.0,0.0
/home/karthikpk/project-workspace/workspace/target-repos/numpy/numpy/distutils/misc_util.py,red_text,373,374,0,1,2,2,0,0,0,0,0,0.0,0.0
/home/karthikpk/project-workspace/workspace/target-repos/numpy/numpy/distutils/system_info.py,_check_libs,1055,1074,0,5,16,14,2,14,53.30296890880645,2.5,133.25742227201613,7.403190126223119,0.017767656302935482
/home/karthikpk/project-workspace/workspace/target-repos/django/django/core/cache/backends/locmem.py,__init__,19,23,0,2,5,5,0,0,0,0,0,0.0,0.0
/home/karthikpk/project-workspace/workspace/target-repos/numpy/numpy/lib/function_base.py,insert,5370,5556,1,18,71,76,17,79,423.2466083648286,12.071428571428571,5109.191200975431,283.84395560974616,0.1410822027882762
/home/karthikpk/project-workspace/workspace/target-repos/django/django/db/models/fields/__init__.py,get_internal_type,1221,1222,0,3,2,2,0,0,0,0,0,0.0,0.0
/home/karthikpk/project-workspace/workspace/target-repos/numpy/numpy/core/tests/test_numeric.py,test_full,2766,2768,0,3,3,3,0,0,0,0,0,0.0,0.0
/home/karthikpk/project-workspace/workspace/target-repos/numpy/numpy/lib/utils.py,newfunc,142,144,0,6,3,3,0,0,0,0,0,0.0,0.0
/home/karthikpk/project-workspace/workspace/target-repos/django/django/db/models/expressions.py,get_group_by_cols,1049,1050,0,4,2,2,0,0,0,0,0,0.0,0.0
/home/karthikpk/project-workspace/workspace/target-repos/django/django/db/models/sql/compiler.py,pre_sql_setup,1998,2059,1,12,37,40,12,19,72.33974351909447,3.3333333333333335,241.13247839698158,13.39624879983231,0.024113247839698156
/home/karthikpk/project-workspace/workspace/target-repos/numpy/numpy/lib/tests/test_io.py,test_unicode_roundtrip,557,572,0,2,13,15,1,6,9.509775004326938,1.0,9.509775004326938,0.5283208335737188,0.003169925001442313
/home/karthikpk/project-workspace/workspace/target-repos/numpy/numpy/core/tests/test_defchararray.py,test_istitle,276,278,0,2,3,3,0,0,0,0,0,0.0,0.0
/home/karthikpk/project-workspace/workspace/target-repos/numpy/numpy/polynomial/tests/test_hermite_e.py,test_hermediv,91,100,0,4,10,10,0,12,39.863137138648355,1.0,39.863137138648355,2.2146187299249087,0.013287712379549451
/home/karthikpk/project-workspace/workspace/target-repos/django/django/utils/cache.py,patch_cache_control,33,99,1,16,43,42,7,45,216.33097149259217,4.090909090909091,884.9903379242406,49.16612988468003,0.07211032383086406
/home/karthikpk/project-workspace/workspace/target-repos/django/django/contrib/sessions/backends/cache.py,create,35,52,0,3,10,13,5,0,0,0,0,0.0,0.0
/home/karthikpk/project-workspace/workspace/target-repos/django/django/contrib/auth/models.py,email_user,400,402,0,2,3,2,0,0,0,0,0,0.0,0.0
/home/karthikpk/project-workspace/workspace/target-repos/django/django/db/models/sql/compiler.py,as_sql,725,948,1,12,119,189,16,104,621.6371120439914,3.526315789473684,2192.0887635235486,121.78270908464158,0.20721237068133044
/home/karthikpk/project-workspace/workspace/target-repos/numpy/numpy/linalg/linalg.py,_realType,153,154,0,1,2,2,0,0,0,0,0,0.0,0.0
/home/karthikpk/project-workspace/workspace/target-repos/numpy/numpy/distutils/fcompiler/__init__.py,__init__,219,231,0,3,10,10,2,3,4.754887502163469,0.5,2.3774437510817346,0.1320802083934297,0.0015849625007211565
/home/karthikpk/project-workspace/workspace/target-repos/numpy/numpy/core/numeric.py,cross,1469,1667,1,16,65,65,16,122,698.8062954567104,8.837209302325581,6175.49749473372,343.08319415187333,0.23293543181890344
/home/karthikpk/project-workspace/workspace/target-repos/numpy/numpy/lib/tests/test_regression.py,test_mem_digitize,24,28,0,2,4,4,1,0,0,0,0,0.0,0.0
/home/karthikpk/project-workspace/workspace/target-repos/numpy/numpy/matrixlib/tests/test_defmatrix.py,test_matrix_element,350,360,0,2,12,10,0,0,0,0,0,0.0,0.0
/home/karthikpk/project-workspace/workspace/target-repos/numpy/numpy/lib/format.py,_read_array_header,587,664,1,14,47,57,13,23,99.40434618240934,3.0,298.21303854722805,16.56739103040156,0.033134782060803114
/home/karthikpk/project-workspace/workspace/target-repos/click/src/click/core.py,group,1906,1948,0,4,22,23,0,26,110.44611534953322,3.0357142857142856,335.2828501682258,18.62682500934588,0.03681537178317774
/home/karthikpk/project-workspace/workspace/target-repos/django/django/test/html.py,handle_endtag,262,271,0,3,8,10,0,13,41.20902501875006,2.0,82.41805003750012,4.578780557638896,0.013736341672916687
/home/karthikpk/project-workspace/workspace/target-repos/numpy/numpy/lib/tests/test_function_base.py,test_max_ulp,3574,3580,0,3,4,4,3,0,0,0,0,0.0,0.0
/home/karthikpk/project-workspace/workspace/target-repos/numpy/numpy/linalg/tests/test_linalg.py,test_too_few_input_arrays,2085,2087,0,2,3,3,0,0,0,0,0,0.0,0.0
/home/karthikpk/project-workspace/workspace/target-repos/numpy/numpy/f2py/crackfortran.py,analyzevars,2606,2994,1,150,313,329,49,359,2695.298275831332,10.598802395209582,28566.933821685376,1587.051878982521,0.898432758610444
/home/karthikpk/project-workspace/workspace/target-repos/numpy/numpy/core/tests/test_indexing.py,test_empty_fancy_index,121,133,0,2,9,9,2,0,0,0,0,0.0,0.0
/home/karthikpk/project-workspace/workspace/target-repos/requests/requests/adapters.py,init_poolmanager,173,197,0,5,6,12,1,0,0,0,0,0.0,0.0
/home/karthikpk/project-workspace/workspace/target-repos/django/django/contrib/syndication/views.py,item_extra_kwargs,115,120,0,4,3,2,0,0,0,0,0,0.0,0.0
/home/karthikpk/project-workspace/workspace/target-repos/django/django/core/handlers/wsgi.py,_get_post,91,94,0,2,4,4,0,2,2.0,0.5,1.0,0.05555555555555555,0.0006666666666666666
/home/karthikpk/project-workspace/workspace/target-repos/numpy/numpy/distutils/mingw32ccompiler.py,build_msvcr_library,282,339,0,7,31,36,11,34,155.88872502451935,3.6666666666666665,571.5919917565709,31.75511065314283,0.05196290834150645
/home/karthikpk/project-workspace/workspace/target-repos/numpy/numpy/distutils/fcompiler/compaq.py,get_flags_linker_so,49,52,0,2,4,4,0,3,4.754887502163469,0.5,2.3774437510817346,0.1320802083934297,0.0015849625007211565
/home/karthikpk/project-workspace/workspace/target-repos/django/django/core/management/base.py,run_from_argv,395,429,0,7,25,22,4,3,4.754887502163469,0.5,2.3774437510817346,0.1320802083934297,0.0015849625007211565
/home/karthikpk/project-workspace/workspace/target-repos/numpy/numpy/polynomial/tests/test_hermite_e.py,test_hermeder_axis,336,346,0,6,8,8,1,0,0,0,0,0.0,0.0
/home/karthikpk/project-workspace/workspace/target-repos/numpy/numpy/core/tests/test_numeric.py,test_base_range,1702,1706,0,2,5,5,0,0,0,0,0,0.0,0.0
/home/karthikpk/project-workspace/workspace/target-repos/django/django/core/serializers/__init__.py,sort_dependencies,167,254,1,23,47,53,21,29,131.18329672565338,5.066666666666666,664.6620367433104,36.92566870796169,0.04372776557521779
/home/karthikpk/project-workspace/workspace/target-repos/numpy/numpy/distutils/misc_util.py,make_temp_file,310,319,0,2,7,10,0,2,2.0,0.5,1.0,0.05555555555555555,0.0006666666666666666
/home/karthikpk/project-workspace/workspace/target-repos/numpy/numpy/testing/_private/utils.py,assert_approx_equal,541,638,1,13,32,35,6,47,241.07630179641342,6.875,1657.3995748503423,92.07775415835235,0.08035876726547114
/home/karthikpk/project-workspace/workspace/target-repos/flask/src/flask/cli.py,__init__,738,739,0,5,2,2,0,0,0,0,0,0.0,0.0
/home/karthikpk/project-workspace/workspace/target-repos/numpy/numpy/ma/tests/test_core.py,test_masked_where_bool,4273,4277,0,2,5,5,0,0,0,0,0,0.0,0.0
/home/karthikpk/project-workspace/workspace/target-repos/requests/tests/test_utils.py,test_set_environ_raises_exception,918,925,0,2,6,5,0,3,4.754887502163469,0.5,2.3774437510817346,0.1320802083934297,0.0015849625007211565
/home/karthikpk/project-workspace/workspace/target-repos/numpy/numpy/lib/polynomial.py,__call__,1325,1326,0,3,2,2,0,0,0,0,0,0.0,0.0
/home/karthikpk/project-workspace/workspace/target-repos/numpy/tools/npy_tempita/__init__.py,parse_for,939,970,1,11,31,32,0,24,105.41561814669026,3.75,395.30856805008847,21.961587113893803,0.03513853938223009
/home/karthikpk/project-workspace/workspace/target-repos/click/tests/test_utils.py,test_echo_writing_to_standard_error,248,298,1,17,44,41,0,48,177.62110647077242,1.3333333333333333,236.82814196102987,13.157118997834992,0.05920703549025747
/home/karthikpk/project-workspace/workspace/target-repos/numpy/numpy/ma/tests/test_core.py,test_check_on_fields,2120,2165,0,2,26,29,15,36,72.0,3.0,216.0,12.0,0.024
/home/karthikpk/project-workspace/workspace/target-repos/django/django/contrib/syndication/views.py,__call__,35,49,0,4,11,13,2,3,4.754887502163469,0.5,2.3774437510817346,0.1320802083934297,0.0015849625007211565
/home/karthikpk/project-workspace/workspace/target-repos/numpy/numpy/distutils/cpuinfo.py,_is_ultra1,438,439,0,2,2,2,0,3,4.754887502163469,0.5,2.3774437510817346,0.1320802083934297,0.0015849625007211565
/home/karthikpk/project-workspace/workspace/target-repos/numpy/numpy/f2py/tests/test_crackfortran.py,test_defaultPrivate,31,41,0,6,11,11,0,21,77.70923408096293,2.1,163.18939157002217,9.066077309445676,0.025903078026987644
/home/karthikpk/project-workspace/workspace/target-repos/numpy/numpy/core/tests/test_multiarray.py,test_sort_float,9946,9967,0,1,14,15,4,23,89.85848369899593,2.5454545454545454,228.73068577926236,12.70726032107013,0.02995282789966531
/home/karthikpk/project-workspace/workspace/target-repos/numpy/numpy/linalg/lapack_lite/fortran.py,getDependencies,108,122,0,6,14,12,0,0,0,0,0,0.0,0.0
/home/karthikpk/project-workspace/workspace/target-repos/django/django/db/models/base.py,__new__,95,367,1,17,128,208,40,148,916.0940347142426,8.338709677419354,7639.042192697797,424.3912329276554,0.3053646782380809
/home/karthikpk/project-workspace/workspace/target-repos/requests/tests/test_requests.py,test_time_elapsed_blank,1386,1392,0,3,5,7,0,27,118.59257041502654,2.8125,333.54160429226215,18.530089127347896,0.03953085680500885
/home/karthikpk/project-workspace/workspace/target-repos/click/tests/test_formatting.py,test_removing_multiline_marker,319,335,0,2,10,9,0,3,4.754887502163469,0.5,2.3774437510817346,0.1320802083934297,0.0015849625007211565
/home/karthikpk/project-workspace/workspace/target-repos/numpy/numpy/f2py/crackfortran.py,analyzebody,2237,2279,1,18,33,38,1,62,346.2676750447117,4.730769230769231,1638.112462711521,91.00624792841784,0.11542255834823724
/home/karthikpk/project-workspace/workspace/target-repos/numpy/numpy/tests/test_warnings.py,visit_Name,20,21,0,2,2,2,0,0,0,0,0,0.0,0.0
/home/karthikpk/project-workspace/workspace/target-repos/numpy/numpy/f2py/tests/test_symbolic.py,test_traverse,388,448,1,23,45,47,5,108,632.6619474737778,5.76,3644.13281744896,202.4518231916089,0.2108873158245926
/home/karthikpk/project-workspace/workspace/target-repos/django/django/contrib/admin/tests.py,wait_until_visible,86,95,0,2,5,6,0,0,0,0,0,0.0,0.0
/home/karthikpk/project-workspace/workspace/target-repos/numpy/tools/refguide_check.py,main,1112,1245,1,35,97,105,1,93,527.5355568033491,8.25,4352.16834362763,241.78713020153498,0.17584518560111637
/home/karthikpk/project-workspace/workspace/target-repos/flask/src/flask/json/tag.py,to_json,109,111,0,3,4,3,0,0,0,0,0,0.0,0.0
/home/karthikpk/project-workspace/workspace/target-repos/numpy/numpy/ma/tests/test_core.py,test_coercion_float,5397,5400,0,2,4,4,0,0,0,0,0,0.0,0.0
/home/karthikpk/project-workspace/workspace/target-repos/requests/tests/test_requests.py,send,2516,2518,0,2,3,3,0,0,0,0,0,0.0,0.0
/home/karthikpk/project-workspace/workspace/target-repos/numpy/benchmarks/benchmarks/bench_linalg.py,time_dot_d_dot_b_c,22,23,0,2,2,2,0,0,0,0,0,0.0,0.0
/home/karthikpk/project-workspace/workspace/target-repos/django/django/core/files/locks.py,unlock,90,94,0,1,5,5,0,0,0,0,0,0.0,0.0
/home/karthikpk/project-workspace/workspace/target-repos/numpy/numpy/ma/core.py,flatten_structured_array,2489,2541,0,6,23,22,0,3,4.754887502163469,0.5,2.3774437510817346,0.1320802083934297,0.0015849625007211565
/home/karthikpk/project-workspace/workspace/target-repos/numpy/tools/npy_tempita/__init__.py,parse_expr,846,895,1,19,46,50,0,39,176.41891628622352,4.588235294117647,809.4514982544373,44.969527680802074,0.05880630542874117
/home/karthikpk/project-workspace/workspace/target-repos/django/django/test/client.py,request,870,915,0,4,28,28,11,12,41.51317942364757,1.5,62.26976913547136,3.4594316186372978,0.01383772647454919
/home/karthikpk/project-workspace/workspace/target-repos/django/django/contrib/admin/templatetags/log.py,__init__,8,9,0,3,2,2,0,0,0,0,0,0.0,0.0
/home/karthikpk/project-workspace/workspace/target-repos/numpy/numpy/core/function_base.py,geomspace,308,462,1,11,36,36,8,51,255.0,6.456521739130435,1646.4130434782608,91.46739130434781,0.085
/home/karthikpk/project-workspace/workspace/target-repos/numpy/numpy/core/tests/test_dtype.py,test_equivalent_dtype_hashing,57,67,0,3,10,10,1,9,25.26619429851844,0.5,12.63309714925922,0.701838730514401,0.008422064766172813
/home/karthikpk/project-workspace/workspace/target-repos/django/django/template/base.py,token_kwargs,1077,1121,1,16,33,29,0,42,197.4184681619259,3.0952380952380953,611.057163358342,33.947620186574554,0.0658061560539753
/home/karthikpk/project-workspace/workspace/target-repos/django/django/contrib/admin/templatetags/admin_list.py,items_for_result,195,291,1,23,62,82,8,52,266.72271688113824,5.037037037037037,1343.4922035494371,74.63845575274651,0.08890757229371275
/home/karthikpk/project-workspace/workspace/target-repos/django/django/contrib/gis/gdal/geometries.py,crosses,457,459,0,2,3,2,0,0,0,0,0,0.0,0.0
/home/karthikpk/project-workspace/workspace/target-repos/numpy/numpy/lib/tests/test_recfunctions.py,test_append_single,582,589,0,2,5,7,1,2,2.0,0.5,1.0,0.05555555555555555,0.0006666666666666666
/home/karthikpk/project-workspace/workspace/target-repos/numpy/numpy/ma/tests/test_core.py,test_eq_for_numeric,1735,1763,0,2,23,23,1,30,90.0,1.4285714285714286,128.57142857142858,7.142857142857143,0.03
/home/karthikpk/project-workspace/workspace/target-repos/numpy/numpy/f2py/crackfortran.py,analyzeline,995,1587,1,190,526,555,25,631,4977.796990054802,17.054794520547944,84895.3048303867,4716.405823910372,1.6592656633516008
/home/karthikpk/project-workspace/workspace/target-repos/numpy/numpy/array_api/tests/test_array_object.py,test_operators,84,271,1,110,103,155,26,477,3625.15842572326,6.13903743315508,22254.983276632633,1236.387959812924,1.2083861419077533
/home/karthikpk/project-workspace/workspace/target-repos/numpy/benchmarks/benchmarks/bench_linalg.py,time_matmul_trans_atc_a,67,68,0,2,2,2,0,0,0,0,0,0.0,0.0
/home/karthikpk/project-workspace/workspace/target-repos/numpy/numpy/lib/function_base.py,diff,1325,1454,1,11,39,39,0,38,169.4584015082173,5.833333333333333,988.5073421312675,54.91707456284819,0.05648613383607243
/home/karthikpk/project-workspace/workspace/target-repos/numpy/numpy/lib/histograms.py,histogramdd,902,1072,1,18,63,72,21,72,388.24685444007076,8.338709677419354,3237.4778023470412,179.85987790816895,0.12941561814669025
/home/karthikpk/project-workspace/workspace/target-repos/numpy/numpy/core/setup.py,check_types,278,377,1,20,66,79,10,125,682.4289523296621,7.756756756756757,5293.435386989541,294.0797437216412,0.22747631744322072
/home/karthikpk/project-workspace/workspace/target-repos/django/django/templatetags/i18n.py,__init__,105,125,0,6,10,21,0,0,0,0,0,0.0,0.0
/home/karthikpk/project-workspace/workspace/target-repos/numpy/numpy/ma/tests/test_core.py,setup_method,3082,3112,0,2,13,28,1,0,0,0,0,0.0,0.0
/home/karthikpk/project-workspace/workspace/target-repos/numpy/numpy/random/tests/test_generator_mt19937_regressions.py,test_multivariate_normal_size_types,64,70,0,2,4,4,3,0,0,0,0,0.0,0.0
/home/karthikpk/project-workspace/workspace/target-repos/django/django/contrib/gis/measure.py,__iadd__,118,125,0,3,7,8,0,6,13.931568569324174,1.3333333333333333,18.575424759098897,1.0319680421721609,0.004643856189774725
/home/karthikpk/project-workspace/workspace/target-repos/requests/tests/test_requests.py,test_invalid_ca_certificate_path,935,943,0,3,5,9,0,3,4.754887502163469,0.5,2.3774437510817346,0.1320802083934297,0.0015849625007211565
/home/karthikpk/project-workspace/workspace/target-repos/django/django/forms/models.py,_get_choices,1506,1519,0,3,4,4,9,0,0,0,0,0.0,0.0
/home/karthikpk/project-workspace/workspace/target-repos/numpy/numpy/polynomial/_polybase.py,truncate,758,785,0,3,11,9,0,12,39.863137138648355,2.6666666666666665,106.3016990363956,5.905649946466422,0.013287712379549451
/home/karthikpk/project-workspace/workspace/target-repos/django/django/test/utils.py,__repr__,64,65,0,2,2,2,0,0,0,0,0,0.0,0.0
/home/karthikpk/project-workspace/workspace/target-repos/django/django/middleware/clickjacking.py,process_response,25,38,0,3,7,10,2,3,4.754887502163469,0.5,2.3774437510817346,0.1320802083934297,0.0015849625007211565
/home/karthikpk/project-workspace/workspace/target-repos/numpy/numpy/core/tests/test_indexing.py,test_tuple_subclass,482,492,0,2,8,8,2,6,13.931568569324174,1.3333333333333333,18.575424759098897,1.0319680421721609,0.004643856189774725
/home/karthikpk/project-workspace/workspace/target-repos/numpy/numpy/core/getlimits.py,_discovered_machar,364,375,0,1,5,7,0,3,4.754887502163469,0.5,2.3774437510817346,0.1320802083934297,0.0015849625007211565
/home/karthikpk/project-workspace/workspace/target-repos/django/django/db/migrations/autodetector.py,_generate_removed_field,1086,1100,0,8,2,15,3,0,0,0,0,0.0,0.0
/home/karthikpk/project-workspace/workspace/target-repos/django/django/core/files/images.py,width,19,20,0,2,2,2,0,0,0,0,0,0.0,0.0
/home/karthikpk/project-workspace/workspace/target-repos/requests/tests/test_requests.py,test_DIGESTAUTH_QUOTES_QOP_VALUE,772,779,0,3,6,6,0,3,4.754887502163469,0.5,2.3774437510817346,0.1320802083934297,0.0015849625007211565
/home/karthikpk/project-workspace/workspace/target-repos/numpy/numpy/core/setup.py,generate_umath_doc_header,941,954,0,11,11,12,0,2,2.0,0.5,1.0,0.05555555555555555,0.0006666666666666666
/home/karthikpk/project-workspace/workspace/target-repos/django/django/db/models/query.py,prefetch_one_level,2438,2541,1,16,46,55,31,15,57.110323830864054,2.0,114.22064766172811,6.345591536762672,0.019036774610288017
/home/karthikpk/project-workspace/workspace/target-repos/django/django/templatetags/i18n.py,language,600,616,0,2,9,8,0,6,15.509775004326936,1.0,15.509775004326936,0.861654166907052,0.005169925001442312
/home/karthikpk/project-workspace/workspace/target-repos/django/django/contrib/auth/__init__.py,_get_backends,24,34,0,4,8,11,0,2,2.0,0.5,1.0,0.05555555555555555,0.0006666666666666666
/home/karthikpk/project-workspace/workspace/target-repos/numpy/numpy/lib/tests/test_nanfunctions.py,test_out,455,462,0,4,8,8,0,0,0,0,0,0.0,0.0
/home/karthikpk/project-workspace/workspace/target-repos/numpy/numpy/lib/tests/test__datasource.py,setup_module,26,30,0,1,4,4,0,0,0,0,0,0.0,0.0
/home/karthikpk/project-workspace/workspace/target-repos/numpy/numpy/polynomial/tests/test_laguerre.py,test_lagvander2d,366,377,0,3,9,9,2,3,4.754887502163469,0.5,2.3774437510817346,0.1320802083934297,0.0015849625007211565
/home/karthikpk/project-workspace/workspace/target-repos/numpy/numpy/core/tests/test_umath_complex.py,teardown_method,413,414,0,2,2,2,0,0,0,0,0,0.0,0.0
/home/karthikpk/project-workspace/workspace/target-repos/django/django/db/models/sql/compiler.py,get_related_selections,1143,1375,1,12,101,205,7,90,513.0395746326983,7.646341463414634,3922.8757718866077,217.93754288258933,0.17101319154423278
/home/karthikpk/project-workspace/workspace/target-repos/django/django/db/models/query.py,__repr__,375,379,0,4,6,5,0,11,34.86917501586544,2.8,97.63369004442322,5.424093891356845,0.011623058338621813
/home/karthikpk/project-workspace/workspace/target-repos/django/django/db/migrations/operations/models.py,old_name_lower,992,993,0,4,2,2,0,0,0,0,0,0.0,0.0
/home/karthikpk/project-workspace/workspace/target-repos/django/django/forms/widgets.py,value_from_datadict,511,523,0,3,7,9,4,5,11.60964047443681,1.0,11.60964047443681,0.6449800263576005,0.0038698801581456034
/home/karthikpk/project-workspace/workspace/target-repos/django/django/db/backends/oracle/creation.py,_switch_to_test_user,126,149,0,3,9,16,0,0,0,0,0,0.0,0.0
/home/karthikpk/project-workspace/workspace/target-repos/numpy/numpy/f2py/crackfortran.py,get_parameters,2480,2578,1,27,61,71,19,47,246.6525931318485,5.357142857142857,1321.3531774920455,73.4085098606692,0.08221753104394951
/home/karthikpk/project-workspace/workspace/target-repos/click/src/click/types.py,convert_type,999,1056,1,17,35,36,6,27,105.48604608143,3.272727272727273,345.22705990286187,19.179281105714548,0.03516201536047667
/home/karthikpk/project-workspace/workspace/target-repos/numpy/numpy/core/records.py,fromfile,853,950,1,11,37,38,6,42,195.04195997053841,7.59375,1481.099883526276,82.28332686257089,0.06501398665684614
/home/karthikpk/project-workspace/workspace/target-repos/django/django/views/decorators/cache.py,cache_page,8,26,0,1,3,6,0,0,0,0,0,0.0,0.0
/home/karthikpk/project-workspace/workspace/target-repos/numpy/numpy/ma/extras.py,average,527,656,1,11,38,42,4,46,225.71696739799185,7.5,1692.8772554849388,94.04873641582994,0.07523898913266396
/home/karthikpk/project-workspace/workspace/target-repos/django/django/forms/widgets.py,get_context,332,335,0,3,4,4,0,0,0,0,0,0.0,0.0
/home/karthikpk/project-workspace/workspace/target-repos/django/django/db/models/enums.py,labels,51,52,0,4,2,2,0,0,0,0,0,0.0,0.0
/home/karthikpk/project-workspace/workspace/target-repos/django/django/template/loaders/locmem.py,get_template_sources,21,26,0,2,2,6,0,0,0,0,0,0.0,0.0
/home/karthikpk/project-workspace/workspace/target-repos/numpy/numpy/f2py/cfuncs.py,append_needs,1437,1501,1,30,63,64,1,65,322.0227601751469,4.134615384615385,1331.440258416473,73.96890324535961,0.1073409200583823
/home/karthikpk/project-workspace/workspace/target-repos/numpy/numpy/typing/mypy_plugin.py,plugin,189,191,0,1,3,2,0,0,0,0,0,0.0,0.0
/home/karthikpk/project-workspace/workspace/target-repos/django/django/forms/models.py,_get_foreign_key,1182,1258,0,21,25,67,4,68,364.3135363140297,5.454545454545454,1987.164743531071,110.39804130728173,0.1214378454380099
/home/karthikpk/project-workspace/workspace/target-repos/numpy/numpy/f2py/_src_pyf.py,expand_sub,126,183,1,11,49,50,5,49,245.0,5.333333333333333,1306.6666666666665,72.59259259259258,0.08166666666666667
/home/karthikpk/project-workspace/workspace/target-repos/django/django/test/runner.py,_class_shuffle_key,1117,1118,0,1,2,2,0,0,0,0,0,0.0,0.0
/home/karthikpk/project-workspace/workspace/target-repos/numpy/numpy/polynomial/hermite_e.py,hermeval,795,887,0,8,25,24,0,51,252.66401182973067,4.8125,1215.9455569305787,67.5525309405877,0.0842213372765769
/home/karthikpk/project-workspace/workspace/target-repos/numpy/numpy/core/tests/test_umath.py,test_spacing,4485,4486,0,1,2,2,0,0,0,0,0,0.0,0.0
/home/karthikpk/project-workspace/workspace/target-repos/numpy/numpy/lib/tests/test__iotools.py,test_creation,144,148,0,2,5,4,0,4,4.0,1.0,4.0,0.2222222222222222,0.0013333333333333333
/home/karthikpk/project-workspace/workspace/target-repos/django/django/utils/datetime_safe.py,date,47,48,0,2,2,2,0,0,0,0,0,0.0,0.0
/home/karthikpk/project-workspace/workspace/target-repos/flask/src/flask/cli.py,_env_file_callback,447,467,0,3,10,16,2,3,4.754887502163469,0.5,2.3774437510817346,0.1320802083934297,0.0015849625007211565
/home/karthikpk/project-workspace/workspace/target-repos/numpy/numpy/f2py/f2py2e.py,run_main,416,501,1,18,48,57,8,42,208.0762450362488,4.869565217391305,1013.2408453939072,56.29115807743929,0.06935874834541626
/home/karthikpk/project-workspace/workspace/target-repos/numpy/numpy/lib/arraysetops.py,_unique1d,323,365,1,13,39,37,1,53,267.35288832599804,6.5625,1754.5033296393622,97.47240720218679,0.08911762944199934
/home/karthikpk/project-workspace/workspace/target-repos/numpy/numpy/lib/tests/test_stride_tricks.py,test_one_off,73,80,0,1,8,8,0,0,0,0,0,0.0,0.0
/home/karthikpk/project-workspace/workspace/target-repos/django/django/core/management/commands/makemigrations.py,all_items_equal,429,430,0,13,3,2,0,3,4.754887502163469,0.5,2.3774437510817346,0.1320802083934297,0.0015849625007211565
/home/karthikpk/project-workspace/workspace/target-repos/django/django/views/generic/detail.py,get_object,21,59,0,5,20,23,6,33,140.1816079436383,3.9285714285714284,550.713459778579,30.595192209921056,0.04672720264787944
/home/karthikpk/project-workspace/workspace/target-repos/numpy/numpy/f2py/tests/test_return_logical.py,check_function,8,46,1,39,39,39,0,122,681.3654250879812,3.6818181818181817,2508.6636105512034,139.37020058617796,0.22712180836266038
/home/karthikpk/project-workspace/workspace/target-repos/django/django/core/management/base.py,parse_args,61,67,0,3,4,6,1,10,31.699250014423125,1.5,47.548875021634686,2.6416041678685938,0.010566416671474375
/home/karthikpk/project-workspace/workspace/target-repos/flask/tests/test_basic.py,test_options_on_multiple_rules,39,49,0,2,9,9,0,3,4.754887502163469,0.5,2.3774437510817346,0.1320802083934297,0.0015849625007211565
/home/karthikpk/project-workspace/workspace/target-repos/numpy/numpy/random/tests/test_randomstate.py,test_noncentral_f,1069,1076,0,2,5,8,0,0,0,0,0,0.0,0.0
/home/karthikpk/project-workspace/workspace/target-repos/numpy/numpy/lib/tests/test_shape_base.py,test_simple,274,277,0,2,4,4,0,0,0,0,0,0.0,0.0
/home/karthikpk/project-workspace/workspace/target-repos/django/django/core/management/base.py,add_base_argument,376,385,0,7,7,6,0,3,4.754887502163469,0.5,2.3774437510817346,0.1320802083934297,0.0015849625007211565
/home/karthikpk/project-workspace/workspace/target-repos/numpy/numpy/random/tests/test_smoke.py,test_poisson,359,364,0,2,6,6,0,9,23.264662506490403,1.5,34.89699375973561,1.938721875540867,0.007754887502163467
/home/karthikpk/project-workspace/workspace/target-repos/django/django/db/backends/ddl_references.py,__str__,87,100,0,3,11,13,0,0,0,0,0,0.0,0.0
/home/karthikpk/project-workspace/workspace/target-repos/django/django/db/models/fields/__init__.py,get_internal_type,2308,2309,0,2,2,2,0,0,0,0,0,0.0,0.0
/home/karthikpk/project-workspace/workspace/target-repos/numpy/numpy/lib/utils.py,info,529,692,1,29,77,85,1,84,466.5854635409216,7.5675675675675675,3530.917021390758,196.16205674393098,0.15552848784697387
/home/karthikpk/project-workspace/workspace/target-repos/numpy/numpy/distutils/mingw32ccompiler.py,configtest_name,566,568,0,1,3,3,0,0,0,0,0,0.0,0.0
/home/karthikpk/project-workspace/workspace/target-repos/numpy/tools/cythonize.py,process_tempita_pyd,64,73,0,3,9,9,0,0,0,0,0,0.0,0.0
/home/karthikpk/project-workspace/workspace/target-repos/django/django/db/models/fields/__init__.py,value_to_string,2549,2551,0,4,3,3,0,3,4.754887502163469,0.5,2.3774437510817346,0.1320802083934297,0.0015849625007211565
/home/karthikpk/project-workspace/workspace/target-repos/numpy/numpy/core/tests/test_regression.py,test_void_scalar_constructor,1262,1286,0,2,10,14,6,15,49.82892142331044,1.25,62.28615177913805,3.4603417655076694,0.016609640474436815
/home/karthikpk/project-workspace/workspace/target-repos/django/django/db/models/sql/compiler.py,get_select_for_update_of_arguments,1377,1481,1,12,63,89,1,35,164.51539013493823,5.111111111111111,840.856438467462,46.714246581525664,0.054838463378312746
/home/karthikpk/project-workspace/workspace/target-repos/numpy/numpy/core/tests/test_multiarray.py,assert_partitioned,2995,3001,0,3,8,7,0,12,39.863137138648355,1.7142857142857142,68.33680652339717,3.796489251299843,0.013287712379549451
/home/karthikpk/project-workspace/workspace/target-repos/numpy/numpy/core/tests/test_indexing.py,test_setitem,1398,1417,0,2,14,14,3,9,23.264662506490403,1.25,29.080828133113002,1.6156015629507223,0.007754887502163467
/home/karthikpk/project-workspace/workspace/target-repos/numpy/numpy/lib/tests/test_function_base.py,test_basic_ud,134,142,0,2,8,9,0,2,2.0,0.5,1.0,0.05555555555555555,0.0006666666666666666
/home/karthikpk/project-workspace/workspace/target-repos/numpy/numpy/lib/tests/test_histograms.py,test_rightmost_binedge,714,735,0,2,21,21,1,24,83.02635884729514,0.8,66.42108707783612,3.690060393213118,0.02767545294909838
/home/karthikpk/project-workspace/workspace/target-repos/numpy/numpy/f2py/crackfortran.py,getlincoef,2311,2380,1,14,45,48,3,51,259.4606049037673,4.407407407407407,1143.5485919832709,63.53047733240393,0.08648686830125578
/home/karthikpk/project-workspace/workspace/target-repos/django/django/db/backends/mysql/operations.py,insert_statement,401,404,0,4,4,4,0,3,4.754887502163469,0.5,2.3774437510817346,0.1320802083934297,0.0015849625007211565
/home/karthikpk/project-workspace/workspace/target-repos/numpy/numpy/f2py/tests/test_symbolic.py,test_sanity,50,129,1,23,68,70,0,138,804.9388219547344,2.5555555555555554,2057.0658783287654,114.2814376849314,0.2683129406515781
/home/karthikpk/project-workspace/workspace/target-repos/django/django/contrib/gis/gdal/feature.py,__init__,22,29,0,2,6,5,0,2,2.0,0.5,1.0,0.05555555555555555,0.0006666666666666666
/home/karthikpk/project-workspace/workspace/target-repos/django/django/core/mail/backends/locmem.py,__init__,19,22,0,3,4,4,0,2,2.0,0.5,1.0,0.05555555555555555,0.0006666666666666666
/home/karthikpk/project-workspace/workspace/target-repos/numpy/numpy/core/tests/test_records.py,test_assignment2,352,356,0,2,5,5,0,0,0,0,0,0.0,0.0
/home/karthikpk/project-workspace/workspace/target-repos/numpy/numpy/core/tests/test_mem_overlap.py,check,886,890,0,4,5,5,0,0,0,0,0,0.0,0.0
/home/karthikpk/project-workspace/workspace/target-repos/django/django/core/serializers/pyyaml.py,represent_ordered_dict,30,31,0,2,2,2,0,0,0,0,0,0.0,0.0
/home/karthikpk/project-workspace/workspace/target-repos/numpy/numpy/polynomial/legendre.py,legint,704,829,1,13,42,40,0,83,466.0209170615623,7.9605263157894735,3709.77177397691,206.09843188760613,0.15534030568718743
/home/karthikpk/project-workspace/workspace/target-repos/numpy/numpy/core/tests/test_array_coercion.py,test_pyscalar_subclasses,350,361,0,5,7,6,0,0,0,0,0,0.0,0.0
/home/karthikpk/project-workspace/workspace/target-repos/numpy/benchmarks/benchmarks/bench_function_base.py,ordered,160,164,0,2,3,2,0,0,0,0,0,0.0,0.0
/home/karthikpk/project-workspace/workspace/target-repos/django/django/db/models/fields/reverse_related.py,target_field,77,87,0,2,6,7,0,5,10.0,1.5,15.0,0.8333333333333334,0.0033333333333333335
/home/karthikpk/project-workspace/workspace/target-repos/numpy/numpy/polynomial/tests/test_hermite.py,test_hermder_axis,335,345,0,6,8,8,1,0,0,0,0,0.0,0.0
/home/karthikpk/project-workspace/workspace/target-repos/django/django/core/management/commands/compilemessages.py,compile_messages,142,195,1,12,35,46,1,41,194.95038758870223,4.725,921.140581356618,51.17447674203433,0.06498346252956741
/home/karthikpk/project-workspace/workspace/target-repos/click/src/click/core.py,get_help_record,2734,2840,1,12,65,79,6,70,372.53496664211536,4.878787878787879,1817.5190796781992,100.9732822043444,0.12417832221403846
/home/karthikpk/project-workspace/workspace/target-repos/django/django/http/request.py,to_asgi_name,484,485,0,3,2,2,0,0,0,0,0,0.0,0.0
/home/karthikpk/project-workspace/workspace/target-repos/django/django/views/generic/base.py,delete,279,280,0,2,2,2,0,0,0,0,0,0.0,0.0
/home/karthikpk/project-workspace/workspace/target-repos/numpy/numpy/core/tests/test_indexing.py,test_broken_sequence_not_nd_index,494,516,0,2,12,12,7,0,0,0,0,0.0,0.0
/home/karthikpk/project-workspace/workspace/target-repos/flask/src/flask/scaffold.py,decorator,708,710,0,2,3,3,0,0,0,0,0,0.0,0.0
/home/karthikpk/project-workspace/workspace/target-repos/django/django/contrib/gis/geos/prototypes/threadsafe.py,__init__,13,16,0,2,2,2,2,0,0,0,0,0.0,0.0
/home/karthikpk/project-workspace/workspace/target-repos/django/django/db/migrations/operations/models.py,database_forwards,854,855,0,2,2,2,0,0,0,0,0,0.0,0.0
/home/karthikpk/project-workspace/workspace/target-repos/numpy/numpy/core/tests/test_numerictypes.py,test_zeros0D,106,114,0,2,9,7,1,12,36.0,0.5714285714285714,20.57142857142857,1.1428571428571428,0.012
/home/karthikpk/project-workspace/workspace/target-repos/django/django/contrib/auth/backends.py,_get_permissions,70,89,0,4,13,14,0,20,80.0,2.1666666666666665,173.33333333333331,9.629629629629628,0.02666666666666667
/home/karthikpk/project-workspace/workspace/target-repos/django/django/db/models/fields/related_descriptors.py,create_reverse_many_to_one_manager,632,928,0,1,189,222,18,61,335.00303887611017,4.875,1633.1398145210371,90.72998969561317,0.11166767962537005
/home/karthikpk/project-workspace/workspace/target-repos/numpy/numpy/core/tests/test_multiarray.py,test_partition_integer,2752,2759,0,3,5,5,3,0,0,0,0,0.0,0.0
/home/karthikpk/project-workspace/workspace/target-repos/requests/requests/cookies.py,get_new_headers,87,88,0,2,2,2,0,0,0,0,0,0.0,0.0
/home/karthikpk/project-workspace/workspace/target-repos/django/django/contrib/gis/management/commands/ogrinspect.py,handle,111,164,0,6,20,42,8,21,85.83671966625714,2.1538461538461537,184.87908851193845,10.27106047288547,0.02861223988875238
/home/karthikpk/project-workspace/workspace/target-repos/numpy/numpy/core/tests/test_defchararray.py,test_from_unicode_array,48,64,0,2,14,15,0,0,0,0,0,0.0,0.0
/home/karthikpk/project-workspace/workspace/target-repos/numpy/numpy/f2py/tests/test_character.py,test_output,86,93,0,3,6,6,0,6,13.931568569324174,0.5,6.965784284662087,0.3869880158145604,0.004643856189774725
/home/karthikpk/project-workspace/workspace/target-repos/numpy/numpy/core/tests/test_print.py,test_nan_inf_float,38,48,0,2,4,4,0,5,11.60964047443681,1.0,11.60964047443681,0.6449800263576005,0.0038698801581456034
/home/karthikpk/project-workspace/workspace/target-repos/django/django/core/serializers/xml_serializer.py,_make_parser,224,226,0,7,3,2,0,0,0,0,0,0.0,0.0
/home/karthikpk/project-workspace/workspace/target-repos/numpy/numpy/lib/polynomial.py,polyint,269,366,0,9,25,24,1,29,123.18989788986397,6.909090909090909,851.1302036026965,47.28501131126092,0.04106329929662132
/home/karthikpk/project-workspace/workspace/target-repos/django/django/core/cache/backends/db.py,_cull,256,286,0,4,15,31,0,21,84.0,3.1818181818181817,267.27272727272725,14.848484848484848,0.028
/home/karthikpk/project-workspace/workspace/target-repos/numpy/numpy/random/tests/test_generator_mt19937.py,test_triangular,1725,1732,0,2,5,8,0,0,0,0,0,0.0,0.0
/home/karthikpk/project-workspace/workspace/target-repos/numpy/numpy/random/tests/test_random.py,test_shuffle_untyped_warning,522,528,0,2,6,6,1,3,4.754887502163469,0.5,2.3774437510817346,0.1320802083934297,0.0015849625007211565
/home/karthikpk/project-workspace/workspace/target-repos/django/django/contrib/postgres/fields/array.py,__init__,360,362,0,2,3,3,0,0,0,0,0,0.0,0.0
/home/karthikpk/project-workspace/workspace/target-repos/numpy/tools/swig/test/testTensor.py,__init__,307,311,0,2,5,5,0,0,0,0,0,0.0,0.0
/home/karthikpk/project-workspace/workspace/target-repos/numpy/numpy/linalg/linalg.py,norm,2384,2633,1,36,88,89,7,142,809.4624399760352,15.5,12546.667819628545,697.0371010904747,0.2698208133253451
/home/karthikpk/project-workspace/workspace/target-repos/django/django/contrib/sitemaps/views.py,sitemap,103,151,1,11,35,45,2,18,62.26976913547136,2.25,140.10698055481055,7.78372114193392,0.020756589711823786
/home/karthikpk/project-workspace/workspace/target-repos/numpy/numpy/ma/tests/test_mrecords.py,test_set_elements,205,235,0,2,24,27,3,2,2.0,0.5,1.0,0.05555555555555555,0.0006666666666666666
/home/karthikpk/project-workspace/workspace/target-repos/requests/tests/test_lowlevel.py,multiple_content_length_response_handler,104,115,0,1,5,11,0,0,0,0,0,0.0,0.0
/home/karthikpk/project-workspace/workspace/target-repos/click/tests/test_context.py,set_language,139,140,0,1,2,2,0,0,0,0,0,0.0,0.0
/home/karthikpk/project-workspace/workspace/target-repos/django/django/db/models/options.py,get_parent_list,704,713,0,5,7,6,0,0,0,0,0,0.0,0.0
/home/karthikpk/project-workspace/workspace/target-repos/numpy/tools/refguide_check.py,check_items,359,430,1,12,39,38,0,100,539.231742277876,3.473684210526316,1873.1207889652537,104.06226605362521,0.17974391409262536
/home/karthikpk/project-workspace/workspace/target-repos/numpy/numpy/polynomial/tests/test_laguerre.py,test_lagline,522,523,0,2,2,2,0,2,2.0,0.5,1.0,0.05555555555555555,0.0006666666666666666
/home/karthikpk/project-workspace/workspace/target-repos/django/django/template/loaders/base.py,__init__,5,6,0,3,2,2,0,0,0,0,0,0.0,0.0
/home/karthikpk/project-workspace/workspace/target-repos/numpy/numpy/random/tests/test_randomstate.py,test_hot_swap,2064,2072,0,3,7,7,1,3,4.754887502163469,0.5,2.3774437510817346,0.1320802083934297,0.0015849625007211565
/home/karthikpk/project-workspace/workspace/target-repos/numpy/numpy/core/setup.py,generate_config_h,440,547,1,11,67,72,17,35,162.53496664211536,2.875,467.2880290960817,25.960446060893428,0.054178322214038455
/home/karthikpk/project-workspace/workspace/target-repos/django/django/db/models/fields/related.py,formfield,1142,1157,0,3,5,16,0,3,4.754887502163469,0.5,2.3774437510817346,0.1320802083934297,0.0015849625007211565
